,sample,sLabel,seq,nChg,countED,countKR,rptCorr,nRpt,aro80Sig,fileName,log,mito,expType
0,10p_90n_chargeratio,10p 90n chargeratio,MTVDHDFNSDDILFPIDSMSSIQYVRNNNPNNINNEVIPYSLDIDNTVLESAELNEIQNQETSLNLGLPPLSFDSPLPVTETIPSTTDNSLHLDADSNENDRAETIDNKSEIESTNNASGSGANQYTTLTSPYPMNDILYNMNNPLQSPSPSSVPQNPTINPPINTASNDTNLSPQTSNGNETLISPEAQQHTSIERNELSLPNGANSNLFIRTNPNNLNEELENQLNSDTNSYSNSISNSNSNSTGNLNSSYFNSLNIESMLDEYVSSELLLNEEDEKTNLSDEDFSDVITNQFPSMTNSDNSISHSLELWNHPEINPSNENTNLNITTNSTSSSNASPNTTTMNANADSNIAGNPDNNDATIENELTQILNDYNMNFNDNLGTSTSGENDSACPSSFDANAMTEINPSQQLQQQLNEVQHEQLTSSHNNSSTNMESFNSELYSEDQDASLPIIERSLSYKLVNEQDDDPDNEMLPNSNLSSSQQFIDPSMILSENASVIAEVATTGLSNEMPFLTDEGDQNANSTPNFDLSITQMNMAPLSPASSSSTSLATNHFYHHFPQQGHH,64,82,8,0.998375338592669,2,,/home/labs/barkailab/felixj/combinedMean/10p_90n_chargeratio.mat,0.986301350115776,478843.856191755,1
1,20p_80n_chargeratio,20p 80n chargeratio,MTVDHDFNSEEILFPIRSMSSIQYVENNNPNNINNDVIPYSLEIRNTVLESADLNDIQNQKTSLNLGLPPLSFRSPLPVTDTIPSTTDNSLHLDAESNDNDEADTIDNESDIDSTNNASGSGANQYTTLTSPYPMNEILYNMNNPLQSPSPSSVPQNPTINPPINTASNDTNLSPQTSNGNKTLISPEAQQHTSIDENELSLPNGANSNLFIDTNPNNLNDDLENQLNSKTNSYSNSISNSNSNSTGNLNSSYFNSLNIESMLDEYVSSRLLLNDKDKKTNLSEEKFSDVITNQFPSMTNSENSISHSLELWNHPEINPSNDNTNLNITTNSTSSSNASPNTTTMNANADSNIAGNPDNNEATIRNDLTQILNRYNMNFNDNLGTSTSGDNDSACPSSFEANAMTEINPSQQLQQQLNEVQHDQLTSSHNNSSTNMDSFNSDLYSDEQEASLPIIDESLSYDLVNKQEEDPENEMLPNSNLSSSQQFIEPSMILSENASVIAEVATTGLSNDMPFLTEKGEQNANSTPNFELSITQMNMAPLSPASSSSTSLATNHFYHHFPQQGHH,66,75,15,0.995792249151897,3,,/home/labs/barkailab/felixj/combinedMean/20p_80n_chargeratio.mat,0.80273967231491,339230.164630957,1
2,30p_70n_chargeratio,30p 70n chargeratio,MTVEHEFNSERILFPIDSMSSIQYVENNNPNNINNDVIPYSLEIKNTVLDSAELNDIQNQETSLNLGLPPLSFDSPLPVTETIPSTTDNSLHLDADSNENDDAKTIENDSEIESTNNASGSGANQYTTLTSPYPMNKILYNMNNPLQSPSPSSVPQNPTINPPINTASNDTNLSPQTSNGNKTLISPEAQQHTSIDDNELSLPNGANSNLFIETNPNNLNDDLKNQLNSETNSYSNSISNSNSNSTGNLNSSYFNSLNIDSMLKEYVSSELLLNKEDDETNLSERDFSEVITNQFPSMTNSENSISHSLDLWNHPRINPSNENTNLNITTNSTSSSNASPNTTTMNANARSNIAGNPENNDATIDNDLTQILNEYNMNFNDNLGTSTSGENESACPSSFDANAMTEINPSQQLQQQLNKVQHKQLTSSHNNSSTNMDSFNSDLYSDEQRASLPIIKRSLSYRLVNDQRRKPRNDMLPNSNLSSSQQFIEPSMILSDNASVIAEVATTGLSNRMPFLTEKGDQNANSTPNFELSITQMNMAPLSPASSSSTSLATNHFYHHFPQQGHH,58,67,23,0.997542133221735,3,,/home/labs/barkailab/felixj/combinedMean/30p_70n_chargeratio.mat,0.572602719452196,260711.402764352,1
3,40p_60n_chargeratio,40p 60n chargeratio,MTVEHEFNSERILFPIDSMSSIQYVENNNPNNINNKVIPYSLEIENTVLRSADLNEIQNQRTSLNLGLPPLSFKSPLPVTKTIPSTTENSLHLDARSNRNERAETIENKSDIRSTNNASGSGANQYTTLTSPYPMNDILYNMNNPLQSPSPSSVPQNPTINPPINTASNDTNLSPQTSNGNDTLISPEAQQHTSIKRNELSLPNGANSNLFIRTNPNNLNEKLDNQLNSETNSYSNSISNSNSNSTGNLNSSYFNSLNIDSMLERYVSSDLLLNEDERDTNLSRDDFSKVITNQFPSMTNSDNSISHSLDLWNHPKINPSNDNTNLNITTNSTSSSNASPNTTTMNANARSNIAGNPENNEATIKNRLTQILNEYNMNFNKNLGTSTSGKNKSACPSSFEANAMTEINPSQQLQQQLNRVQHDQLTSSHNNSSTNMKSFNSRLYSDKQKASLPIIEESLSYRLVNRQKEDPENEMLPNSNLSSSQQFIEPSMILSRNASVIAKVATTGLSNKMPFLTDDGDQNANSTPNFDLSITQMNMAPLSPASSSSTSLATNHFYHHFPQQGHH,66,53,37,0.99625019458477,2,,/home/labs/barkailab/felixj/combinedMean/40p_60n_chargeratio.mat,0.316438322199134,548854.467217381,1
4,50p_50n_chargeratio,50p 50n chargeratio,MTVKHKFNSDRILFPIESMSSIQYVENNNPNNINNEVIPYSLDIKNTVLESAELNRIQNQRTSLNLGLPPLSFDSPLPVTKTIPSTTENSLHLKAKSNENERAKTIDNDSEIRSTNNASGSGANQYTTLTSPYPMNKILYNMNNPLQSPSPSSVPQNPTINPPINTASNKTNLSPQTSNGNDTLISPDAQQHTSIRENELSLPNGANSNLFIETNPNNLNKELDNQLNSRTNSYSNSISNSNSNSTGNLNSSYFNSLNIRSMLKEYVSSKLLLNKRDKETNLSKKDFSDVITNQFPSMTNSDNSISHSLDLWNHPEINPSNRNTNLNITTNSTSSSNASPNTTTMNANAESNIAGNPKNNRATIKNKLTQILNDYNMNFNKNLGTSTSGRNRSACPSSFKANAMTKINPSQQLQQQLNRVQHEQLTSSHNNSSTNMESFNSKLYSEKQDASLPIIRDSLSYKLVNEQKDDPRNDMLPNSNLSSSQQFIEPSMILSKNASVIADVATTGLSNKMPFLTRKGRQNANSTPNFDLSITQMNMAPLSPASSSSTSLATNHFYHHFPQQGHH,71,43,47,0.743902845583988,2,,/home/labs/barkailab/felixj/combinedMean/50p_50n_chargeratio.mat,,657583.156577004,1
5,60p_40n_chargeratio,60p 40n chargeratio,MTVKHDFNSDRILFPIDSMSSIQYVKNNNPNNINNKVIPYSLKIRNTVLESADLNRIQNQETSLNLGLPPLSFKSPLPVTRTIPSTTENSLHLRARSNRNKKAETIRNKSRIRSTNNASGSGANQYTTLTSPYPMNRILYNMNNPLQSPSPSSVPQNPTINPPINTASNRTNLSPQTSNGNKTLISPRAQQHTSIEENKLSLPNGANSNLFIDTNPNNLNRELKNQLNSRTNSYSNSISNSNSNSTGNLNSSYFNSLNIKSMLKEYVSSKLLLNREEERTNLSEKDFSDVITNQFPSMTNSENSISHSLELWNHPRINPSNRNTNLNITTNSTSSSNASPNTTTMNANADSNIAGNPKNNDATIKNKLTQILNRYNMNFNKNLGTSTSGENRSACPSSFRANAMTKINPSQQLQQQLNRVQHEQLTSSHNNSSTNMESFNSKLYSDEQDASLPIIRRSLSYKLVNRQRKDPDNKMLPNSNLSSSQQFIRPSMILSRNASVIARVATTGLSNRMPFLTEEGRQNANSTPNFELSITQMNMAPLSPASSSSTSLATNHFYHHFPQQGHH,75,34,56,0.979550702690851,3,,/home/labs/barkailab/felixj/combinedMean/60p_40n_chargeratio.mat,0.413698534560354,1396134.58779293,1
6,70p_30n_chargeratio,70p 30n chargeratio,MTVEHKFNSKEILFPIRSMSSIQYVRNNNPNNINNEVIPYSLKIDNTVLRSAKLNRIQNQETSLNLGLPPLSFRSPLPVTKTIPSTTKNSLHLEARSNRNRKAETIKNESKIRSTNNASGSGANQYTTLTSPYPMNKILYNMNNPLQSPSPSSVPQNPTINPPINTASNRTNLSPQTSNGNKTLISPRAQQHTSIKDNKLSLPNGANSNLFIRTNPNNLNDKLENQLNSETNSYSNSISNSNSNSTGNLNSSYFNSLNIKSMLRKYVSSRLLLNKKRDDTNLSRRDFSRVITNQFPSMTNSDNSISHSLRLWNHPKINPSNDNTNLNITTNSTSSSNASPNTTTMNANARSNIAGNPRNNKATIKNDLTQILNEYNMNFNKNLGTSTSGKNESACPSSFRANAMTDINPSQQLQQQLNRVQHDQLTSSHNNSSTNMKSFNSRLYSKKQKASLPIIRESLSYKLVNRQKRRPDNEMLPNSNLSSSQQFIKPSMILSRNASVIARVATTGLSNRMPFLTDDGRQNANSTPNFRLSITQMNMAPLSPASSSSTSLATNHFYHHFPQQGHH,74,27,63,0.790697152979761,2,,/home/labs/barkailab/felixj/combinedMean/70p_30n_chargeratio.mat,0.697260231581865,37421804.206927,1
7,80p_20n_chargeratio,80p 20n chargeratio,MTVDHKFNSRKILFPIRSMSSIQYVRNNNPNNINNKVIPYSLKIKNTVLKSAKLNKIQNQKTSLNLGLPPLSFDSPLPVTKTIPSTTDNSLHLRARSNKNRRARTIENDSKIKSTNNASGSGANQYTTLTSPYPMNKILYNMNNPLQSPSPSSVPQNPTINPPINTASNRTNLSPQTSNGNKTLISPKAQQHTSIKKNRLSLPNGANSNLFIDTNPNNLNEKLRNQLNSKTNSYSNSISNSNSNSTGNLNSSYFNSLNIRSMLRKYVSSRLLLNERKRKTNLSKERFSRVITNQFPSMTNSRNSISHSLKLWNHPRINPSNKNTNLNITTNSTSSSNASPNTTTMNANAKSNIAGNPRNNKATIRNRLTQILNKYNMNFNRNLGTSTSGRNDSACPSSFKANAMTRINPSQQLQQQLNKVQHRQLTSSHNNSSTNMRSFNSDLYSRRQRASLPIIKRSLSYELVNKQDKKPKNKMLPNSNLSSSQQFIEPSMILSRNASVIARVATTGLSNKMPFLTDRGRQNANSTPNFDLSITQMNMAPLSPASSSSTSLATNHFYHHFPQQGHH,64,16,74,0.837229951890122,2,,/home/labs/barkailab/felixj/combinedMean/80p_20n_chargeratio.mat,0.564383491080371,2406927.15065322,1
8,90_D_charged,90 D charged,MTVDHDFNSDDILFPIDSMSSIQYVDNNNPNNINNDVIPYSLDIDNTVLDSADLNDIQNQDTSLNLGLPPLSFDSPLPVTDTIPSTTDNSLHLDADSNDNDDADTIDNDSDIDSTNNASGSGANQYTTLTSPYPMNDILYNMNNPLQSPSPSSVPQNPTINPPINTASNDTNLSPQTSNGNDTLISPDAQQHTSIDDNDLSLPNGANSNLFIDTNPNNLNDDLDNQLNSDTNSYSNSISNSNSNSTGNLNSSYFNSLNIDSMLDDYVSSDLLLNDDDDDTNLSDDDFSDVITNQFPSMTNSDNSISHSLDLWNHPDINPSNDNTNLNITTNSTSSSNASPNTTTMNANADSNIAGNPDNNDATIDNDLTQILNDYNMNFNDNLGTSTSGDNDSACPSSFDANAMTDINPSQQLQQQLNDVQHDQLTSSHNNSSTNMDSFNSDLYSDDQDASLPIIDDSLSYDLVNDQDDDPDNDMLPNSNLSSSQQFIDPSMILSDNASVIADVATTGLSNDMPFLTDDGDQNANSTPNFDLSITQMNMAPLSPASSSSTSLATNHFYHHFPQQGHH,47,90,0,,1,,/home/labs/barkailab/felixj/combinedMean/90_D_charged.mat,1.18904100321004,269196.215629489,1
9,90_E_charged,90 E charged,MTVEHEFNSEEILFPIESMSSIQYVENNNPNNINNEVIPYSLEIENTVLESAELNEIQNQETSLNLGLPPLSFESPLPVTETIPSTTENSLHLEAESNENEEAETIENESEIESTNNASGSGANQYTTLTSPYPMNEILYNMNNPLQSPSPSSVPQNPTINPPINTASNETNLSPQTSNGNETLISPEAQQHTSIEENELSLPNGANSNLFIETNPNNLNEELENQLNSETNSYSNSISNSNSNSTGNLNSSYFNSLNIESMLEEYVSSELLLNEEEEETNLSEEEFSEVITNQFPSMTNSENSISHSLELWNHPEINPSNENTNLNITTNSTSSSNASPNTTTMNANAESNIAGNPENNEATIENELTQILNEYNMNFNENLGTSTSGENESACPSSFEANAMTEINPSQQLQQQLNEVQHEQLTSSHNNSSTNMESFNSELYSEEQEASLPIIEESLSYELVNEQEEEPENEMLPNSNLSSSQQFIEPSMILSENASVIAEVATTGLSNEMPFLTEEGEQNANSTPNFELSITQMNMAPLSPASSSSTSLATNHFYHHFPQQGHH,74,90,0,,1,,/home/labs/barkailab/felixj/combinedMean/90_E_charged.mat,0.571232864074096,142516.669308982,1
10,90_chargedaa_to_A,90 chargedaa to A,MTVAHAFNSAAILFPIASMSSIQYVANNNPNNINNAVIPYSLAIANTVLASAALNAIQNQATSLNLGLPPLSFASPLPVTATIPSTTANSLHLAAASNANAAAATIANASAIASTNNASGSGANQYTTLTSPYPMNAILYNMNNPLQSPSPSSVPQNPTINPPINTASNATNLSPQTSNGNATLISPAAQQHTSIAANALSLPNGANSNLFIATNPNNLNAALANQLNSATNSYSNSISNSNSNSTGNLNSSYFNSLNIASMLAAYVSSALLLNAAAAATNLSAAAFSAVITNQFPSMTNSANSISHSLALWNHPAINPSNANTNLNITTNSTSSSNASPNTTTMNANAASNIAGNPANNAATIANALTQILNAYNMNFNANLGTSTSGANASACPSSFAANAMTAINPSQQLQQQLNAVQHAQLTSSHNNSSTNMASFNSALYSAAQAASLPIIAASLSYALVNAQAAAPANAMLPNSNLSSSQQFIAPSMILSANASVIAAVATTGLSNAMPFLTAAGAQNANSTPNFALSITQMNMAPLSPASSSSTSLATNHFYHHFPQQGHH,90,0,0,0.690176618542876,2,,/home/labs/barkailab/felixj/combinedMean/90_chargedaa_to_A.mat,0.135616355154468,2981287.97530191,3
11,90_chargedaa_to_F,90 chargedaa to F,MTVFHFFNSFFILFPIFSMSSIQYVFNNNPNNINNFVIPYSLFIFNTVLFSAFLNFIQNQFTSLNLGLPPLSFFSPLPVTFTIPSTTFNSLHLFAFSNFNFFAFTIFNFSFIFSTNNASGSGANQYTTLTSPYPMNFILYNMNNPLQSPSPSSVPQNPTINPPINTASNFTNLSPQTSNGNFTLISPFAQQHTSIFFNFLSLPNGANSNLFIFTNPNNLNFFLFNQLNSFTNSYSNSISNSNSNSTGNLNSSYFNSLNIFSMLFFYVSSFLLLNFFFFFTNLSFFFFSFVITNQFPSMTNSFNSISHSLFLWNHPFINPSNFNTNLNITTNSTSSSNASPNTTTMNANAFSNIAGNPFNNFATIFNFLTQILNFYNMNFNFNLGTSTSGFNFSACPSSFFANAMTFINPSQQLQQQLNFVQHFQLTSSHNNSSTNMFSFNSFLYSFFQFASLPIIFFSLSYFLVNFQFFFPFNFMLPNSNLSSSQQFIFPSMILSFNASVIAFVATTGLSNFMPFLTFFGFQNANSTPNFFLSITQMNMAPLSPASSSSTSLATNHFYHHFPQQGHH,90,0,0,,1,,/home/labs/barkailab/felixj/combinedMean/90_chargedaa_to_F.mat,0.638356162013893,1861850.5351525,3
12,90_chargedaa_to_N,90 chargedaa to N,MTVNHNFNSNNILFPINSMSSIQYVNNNNPNNINNNVIPYSLNINNTVLNSANLNNIQNQNTSLNLGLPPLSFNSPLPVTNTIPSTTNNSLHLNANSNNNNNANTINNNSNINSTNNASGSGANQYTTLTSPYPMNNILYNMNNPLQSPSPSSVPQNPTINPPINTASNNTNLSPQTSNGNNTLISPNAQQHTSINNNNLSLPNGANSNLFINTNPNNLNNNLNNQLNSNTNSYSNSISNSNSNSTGNLNSSYFNSLNINSMLNNYVSSNLLLNNNNNNTNLSNNNFSNVITNQFPSMTNSNNSISHSLNLWNHPNINPSNNNTNLNITTNSTSSSNASPNTTTMNANANSNIAGNPNNNNATINNNLTQILNNYNMNFNNNLGTSTSGNNNSACPSSFNANAMTNINPSQQLQQQLNNVQHNQLTSSHNNSSTNMNSFNSNLYSNNQNASLPIINNSLSYNLVNNQNNNPNNNMLPNSNLSSSQQFINPSMILSNNASVIANVATTGLSNNMPFLTNNGNQNANSTPNFNLSITQMNMAPLSPASSSSTSLATNHFYHHFPQQGHH,90,0,0,0.999571889732448,2,,/home/labs/barkailab/felixj/combinedMean/90_chargedaa_to_N.mat,0.394520559266955,847256.010714035,3
13,90_chargedaa_to_random_2,90 chargedaa to random 2,MTVFHNFNSIAILFPIVSMSSIQYVNNNNPNNINNVVIPYSLSIANTVLSSASLNQIQNQPTSLNLGLPPLSFLSPLPVTSTIPSTTLNSLHLNATSNTNNMAPTITNTSPIMSTNNASGSGANQYTTLTSPYPMNSILYNMNNPLQSPSPSSVPQNPTINPPINTASNNTNLSPQTSNGNTTLISPAAQQHTSINSNILSLPNGANSNLFINTNPNNLNIMLNNQLNSPTNSYSNSISNSNSNSTGNLNSSYFNSLNIASMLPLYVSSLLLLNLIVTSTNLSSINFSIVITNQFPSMTNSANSISHSLMLWNHPSINPSNQNTNLNITTNSTSSSNASPNTTTMNANAPSNIAGNPNNNLATINNSLTQILNSYNMNFNPNLGTSTSGSNQSACPSSFHANAMTNINPSQQLQQQLNNVQHGQLTSSHNNSSTNMISFNSILYSSNQSASLPIILASLSYNLVNLQTTNPANSMLPNSNLSSSQQFISPSMILSVNASVIAFVATTGLSNNMPFLTPSGSQNANSTPNFQLSITQMNMAPLSPASSSSTSLATNHFYHHFPQQGHH,90,0,0,,1,,/home/labs/barkailab/felixj/combinedMean/90_chargedaa_to_random_2.mat,0.48082183250015,3306744.35970184,3
14,90_chargedaa_to_random_3,90 chargedaa to random 3,MTVSHNFNSPHILFPIFSMSSIQYVYNNNPNNINNLVIPYSLPIVNTVLISAILNNIQNQTTSLNLGLPPLSFNSPLPVTLTIPSTTINSLHLNANSNHNNGAQTIANPSSILSTNNASGSGANQYTTLTSPYPMNNILYNMNNPLQSPSPSSVPQNPTINPPINTASNPTNLSPQTSNGNFTLISPNAQQHTSIQLNSLSLPNGANSNLFIVTNPNNLNSNLLNQLNSSTNSYSNSISNSNSNSTGNLNSSYFNSLNILSMLVQYVSSPLLLNIGLTTTNLSSSLFSPVITNQFPSMTNSSNSISHSLNLWNHPYINPSNGNTNLNITTNSTSSSNASPNTTTMNANAMSNIAGNPNNNFATISNPLTQILNNYNMNFNSNLGTSTSGTNSSACPSSFMANAMTNINPSQQLQQQLNSVQHHQLTSSHNNSSTNMHSFNSLLYSNWQSASLPIIMLSLSYSLVNTQQLGPSNPMLPNSNLSSSQQFIVPSMILSFNASVIAPVATTGLSNLMPFLTSIGNQNANSTPNFNLSITQMNMAPLSPASSSSTSLATNHFYHHFPQQGHH,90,0,0,0.888654336080288,2,,/home/labs/barkailab/felixj/combinedMean/90_chargedaa_to_random_3.mat,,34925096.5804102,3
15,90p_10n_chargeratio,90p 10n chargeratio,MTVRHKFNSRKILFPIESMSSIQYVRNNNPNNINNRVIPYSLKIRNTVLKSARLNKIQNQRTSLNLGLPPLSFRSPLPVTRTIPSTTKNSLHLRAESNKNRDAKTIRNRSKIRSTNNASGSGANQYTTLTSPYPMNKILYNMNNPLQSPSPSSVPQNPTINPPINTASNKTNLSPQTSNGNKTLISPKAQQHTSIKKNRLSLPNGANSNLFIRTNPNNLNRRLRNQLNSKTNSYSNSISNSNSNSTGNLNSSYFNSLNIKSMLREYVSSKLLLNRKRKRTNLSKRRFSEVITNQFPSMTNSKNSISHSLELWNHPRINPSNRNTNLNITTNSTSSSNASPNTTTMNANAESNIAGNPKNNRATIRNKLTQILNRYNMNFNKNLGTSTSGRNRSACPSSFKANAMTKINPSQQLQQQLNKVQHRQLTSSHNNSSTNMKSFNSRLYSKKQRASLPIIRRSLSYRLVNDQKRKPRNKMLPNSNLSSSQQFIRPSMILSRNASVIAKVATTGLSNKMPFLTRDGKQNANSTPNFKLSITQMNMAPLSPASSSSTSLATNHFYHHFPQQGHH,75,9,81,0.975267857682657,3,,/home/labs/barkailab/felixj/combinedMean/90p_10n_chargeratio.mat,1.22054786911279,944931.689176748,1
16,A_nextto_N,A nextto N,MTVDHDFNAEDILFPIESMSSIQYVENNNANNANNAVIPYSLDIKNAVLDSADLNAIQNAETSLNAGLPPLSFDSPLPVTETIPSTTDNALHLKADSNANADARTIENASEIKSTNNASGSGANAYTTLTSPYPMNAILYNANNALQSPSPSSVPQNATINAPINAASNATNASPQTSNANATLISPRAQQHTSIKDNALSLPNAANANAFIDTNANNANAKLRNALNADTNAYSNAISNANANATGNANASYFNALNADSMLDDYVSSDLLLNADDDDTNASRRRFSDVITNAFPSMTNARNAISHSLDLWNAPKINASNANANANATTNATSSSNASPNATTMNANADSNAAGNAKNNAATIDNALTQILNAYNANANANAGTSTSGKNASACPSSFDANAMTKINASQQLQQQLNAVQHKQLTSSHNNASTNAKSFNADLYSRRQRASLPIIDDSLSYDLVNAQDEDPKNAMLPNANASSSQQFIKPSMILSDNASVIAKVATTGLSNAMPFLTEEGEQNANATPNADLSITQMNAAPLSPASSSSTSLATNAFYHHFPQQGHH,78,45,24,,1,,/home/labs/barkailab/felixj/combinedMean/A_nextto_N.mat,4.67069871332827,3878686.80038469,7
17,DE_to_A,DE to A,MTVAHAFNSAAILFPIASMSSIQYVANNNPNNINNAVIPYSLAIKNTVLASAALNAIQNQATSLNLGLPPLSFASPLPVTATIPSTTANSLHLKAASNKNRAARTIANASAIKSTNNASGSGANQYTTLTSPYPMNAILYNMNNPLQSPSPSSVPQNPTINPPINTASNATNLSPQTSNGNATLISPRAQQHTSIKANRLSLPNGANSNLFIATNPNNLNAKLRNQLNSATNSYSNSISNSNSNSTGNLNSSYFNSLNIASMLAAYVSSALLLNAAAAATNLSRRRFSAVITNQFPSMTNSRNSISHSLALWNHPKINPSNRNTNLNITTNSTSSSNASPNTTTMNANAASNIAGNPKNNAATIANALTQILNAYNMNFNANLGTSTSGKNKSACPSSFAANAMTKINPSQQLQQQLNRVQHKQLTSSHNNSSTNMKSFNSALYSRRQRASLPIIAASLSYALVNKQAAAPKNAMLPNSNLSSSQQFIKPSMILSANASVIAKVATTGLSNAMPFLTAAGAQNANSTPNFALSITQMNMAPLSPASSSSTSLATNHFYHHFPQQGHH,59,0,31,0.263134601691352,2,,/home/labs/barkailab/felixj/combinedMean/DE_to_A.mat,,319832739.552219,2
18,D_nextto_N,D nextto N,MTVDHDFNDEDILFPIESMSSIQYVENNNDNNDNNDVIPYSLDIKNDVLDSADLNDIQNDETSLNDGLPPLSFDSPLPVTETIPSTTDNDLHLKADSNDNDDARTIENDSEIKSTNNDSGSGANDYTTLTSPYPMNDILYNDNNDLQSPSPSSVPQNDTINDPINDASNDTNDSPQTSNDNDTLISPRAQQHTSIKDNDLSLPNDANDNDFIDTNDNNDNDKLRNDLNDDTNDYSNDISNDNDNDTGNDNDSYFNDLNDDSMLDDYVSSDLLLNDDDDDTNDSRRRFSDVITNDFPSMTNDRNDISHSLDLWNDPKINDSNDNDNDNDTTNDTSSSNDSPNDTTMNDNDDSNDAGNDKNNDATIDNDLTQILNDYNDNDNDNDGTSTSGKNDSACPSSFDANDMTKINDSQQLQQQLNDVQHKQLTSSHNNDSTNDKSFNDDLYSRRQRASLPIIDDSLSYDLVNDQDEDPKNDMLPNDNDSSSQQFIKPSMILSDNDSVIAKVATTGLSNDMPFLTEEGEQNDNDTPNDDLSITQMNDAPLSPASSSSTSLATNDFYHHFPQQGHH,76,130,24,0.981739587923519,2,,/home/labs/barkailab/felixj/combinedMean/D_nextto_N.mat,2.13709675290117,653137.001975291,7
19,ED_cluster2,ED cluster2,MTVHFNSILFPISMSSIQYVNNNPNNINNVIPYSLIKNTVLSALNIQNQTSLNLGLPPLSFSPLPVTTIPSTTNSLHLKASNKNRARTINSIKSDEEDDDDDDDDDTNEDDEDDEEDDDDNASGSGANQYTTLTSPYPMNILYNMNNPLQSPSPSSVPQNPTINPPINTASNTNLSPQTSNGNTLISPRAQQHTSIKNRLSLPNGANSNLFDDDDDDDEDEEITNPNNLNKLRNQLNSTNSYSNSISNSNSNSTGNLNSSYFNSLNISMLYVSSLLLNTNLSRRRFSVITNQFPSMTNSRNSISHSLLWNHPKINPSNRNTNLNITTNSTSSSNASPNTTTMNANASNIAGNPKNNATINLTQILNYNMNFNNLGTSTSGKNKSADDDEDDDDDDEDCPSSFANAMTKINPSQQLQQQLNRVQHKDEDEEDDDDDDEQLTSSHNNSSTNMKSFNSLYSRRQRASLPIISLSYLVNKQPKNMLPNSNLSSSQQFIKPSMILSNASVIAKVATTGLSNMPFLTGQNANSTPNFLSITQMNMAPLSPASSSSTSLATNHFYHHFPQQGHHT,68,59,31,0.265387494635527,1,780329.290534527,/home/labs/barkailab/felixj/combinedMean/ED_cluster2.mat,,2100592.2525784,2
20,ED_deletion,ED deletion,MTVHFNSILFPISMSSIQYVNNNPNNINNVIPYSLIKNTVLSALNIQNQTSLNLGLPPLSFSPLPVTTIPSTTNSLHLKASNKNRARTINSIKSTNNASGSGANQYTTLTSPYPMNILYNMNNPLQSPSPSSVPQNPTINPPINTASNTNLSPQTSNGNTLISPRAQQHTSIKNRLSLPNGANSNLFITNPNNLNKLRNQLNSTNSYSNSISNSNSNSTGNLNSSYFNSLNISMLYVSSLLLNTNLSRRRFSVITNQFPSMTNSRNSISHSLLWNHPKINPSNRNTNLNITTNSTSSSNASPNTTTMNANASNIAGNPKNNATINLTQILNYNMNFNNLGTSTSGKNKSACPSSFANAMTKINPSQQLQQQLNRVQHKQLTSSHNNSSTNMKSFNSLYSRRQRASLPIISLSYLVNKQPKNMLPNSNLSSSQQFIKPSMILSNASVIAKVATTGLSNMPFLTGQNANSTPNFLSITQMNMAPLSPASSSSTSLATNHFYHHFPQQGHHT,59,0,31,0.186847694652156,1,513317.078517793,/home/labs/barkailab/felixj/combinedMean/ED_deletion.mat,0.978978990999574,38506570.8292028,2
21,ED_random1,ED random1,MTVHDFNSIDLFPISMSSIQYVNNNPDDNNINNVIPYESLIKNTVLSALNIQNQTSDLNLGLPPLDSFSPLPVTTIEPSTTNSLHLKASNKNRARTIDDENSIKSTEDNNASGSGANQYTTLTSPYPMNILYNMNNPEDLQDSDPSDPSSVPQNPTIDNPPDINTASNTNLSPQTSNGNTLISPRAQQHTSIEKNRDLSLPNGANDSNLFITNPNNLNKLRNQLNSTNSYSNSISNSNSNSTGDDNLNSSYFNSLNISMLYVSSLLLNTNLSRRRFDSVITDNQFPSMTNSRNSISHSLLWNHPKINPSNDRNTNLEDNITTNSDTSSSNASPDNTTTMNANADSNIAGNPKNNATINLTQILNYNMNFNNLGTSTSGKNKSACPSSFANAMTKINPSQEQLQQQLNRVQHKDQLTSSHNNSSTNMKSFNSLYSRRQRDASDLPIISLSDYLVNKQPDKENMELPNSDNDLDSDSSQQFIKEPSMIELSDNASVIADKDVATTGLSNDMPFLTGQDNANESTPNDEFLSITQDMNMAPLSPASSSSTSLATNHFDYHHFPQQGEHHT,71,58,31,0.729473563973641,1,523625.118007547,/home/labs/barkailab/felixj/combinedMean/ED_random1.mat,0.650150207247975,2856955.43406051,2
22,ED_random2,ED random2,MTVHFNSILFPEISMSDSIQYVNNNPNNINNVIPYSLIKNTVLSALDNIQNQTSLNLGLPPLESFSDPEELPDVTTIPSDTTNSLHLKASNKNRARDTINSIKSTNNASEGSGANQYTDTLTSPYPMNILYNMNNPLQSPSPSSVPQNPTINPPINDTASNTNLESPQTSNGNTLISPRAQQDHTSIKNRLSLPNGANDSNLFITNPNNLNKLRNDQLNSTNSYSNSIDSNDSNSNSTGNLDDNSDSYFENSLNISMLYEVDSSLLDELNTNLSRDRRDFSVIDTDNQFDPSMTNSRNSIESHSLLWDNHDPKINPSNRNTNLNITTNSTSSSNASPNDDTETTDMNANASENIAGENDPKNNATINLTQDILNYNMNFNNLGTESTSGKNKSACPSSFANADMTKIDDNDPSQQLQQQLNRDVQHKQLTSSHNDNDSSTNMEKSFNSLYSRRQRASLDPIISLSYLVNKQPKNMLPNSNLSSSQQFIKDPSMILSNASVIAKVATTGLSNMPFLTGQNADNSTPNFLDSITQMNEMADPLSPASSSDSTSLATNHFYHHFPQQGHHT,74,59,31,0.611813980456782,1,652822.521571891,/home/labs/barkailab/felixj/combinedMean/ED_random2.mat,0.638138156959859,1816516.03717113,2
23,ED_random3,ED random3,MTVHFNSILFPIESMSSDDIQDYVNNDNPNNINNVIPYSLIKNTVLSALNIQNQTSLNLGLPPLSFSPLPVDTTIPSTTNSLHLKASNKNRARTINSIDKSTNNASGSEGEANQYDTTELDDTDSPYPDMNILYNMNDNPLQSPSPSDSVPQNPTINPPINTASNTNDLSPQTSNGNTLDISPRAQQHTSIKNRLDSLPDNGANSNLFITDNPNDNLNKDELRNQLDNSTNSYSDNSISNSNESNESTGNLNSSYFNSLNISMLYVSSLLLNTNLSRRRFSVITNQFPSMTNSRNSISHESLLWNHPKINPSNRNTNDLNIDTTNSTSSDSNASPNDTTTDDMNANAESNIAGNPKNNATINLTDQILNYNMDNDFNNLGTSTSGKNKDSACPSSFANAMDTKINPSQQLQQQLNRVQHKQLTSDESHNNSSTNMKSFNSLYSRRQRASLDDPIISLSYLEVNKQPKNDMLPNSNLSSDSQQFIKPSMILSNDASVIEAKVEATTGLSNMPFLTDGQENANSDTPNFLSEITQEMNMAPLSPDASSSSTSLATNHFYHHFPQQGHHT,74,58,31,0.975207250417498,1,358890.307249217,/home/labs/barkailab/felixj/combinedMean/ED_random3.mat,0.457958034668332,1349191.97357549,2
24,ED_shift1,ED shift1,MTDDVHFNESILDFPISEMSSIQYVNENNPNNINNVIDPYDSLIKNTVLSDDALNIDQNQTESLNLGLPPLSFSDPLPEVTTIPSTDTNSLHLKASDNKNRADRTINSEDIKESTNNASGSGANQYTTLTSPYPMNIDLYNMNNPLQSPSPSSVPQNPTINPPINTASNTNELSPQTSNEGNTLISPRAQQHTSIKNDRLSLPNGANSNLFDITNPNNLENKLRNQLNSTDNSYSNSISNSNSNSTGNLNSSYFNSLDNISMLDDYVSSLLDDDLDDNDTNLSRRRDFSVITNQFPSMTNSRNSISHDSLLWNHPKINPSNRNTNLNITTNSTSSSNASPNTTTMNANDASNIAGNPKNNADTINLDTEQILNYENMNFDNNLGTSTSGKNKSACPSSFADNAMTKINPSQQLQQQLNRVQHKQLTSSHNNSSTNMKSFNSLYDSRRQRASLPIIDDSLSYLVDNDEKDQPKNMDLPNSNLSSSQQFIKPSMILSNDASVIAKVATTGLDSNMPFELETGQENANSTPNDFLSITQMNMAPLSPASSSSTSLATNHFYHHFPQQGHHT,90,59,31,0.15414576416896,1,885326.952650818,/home/labs/barkailab/felixj/combinedMean/ED_shift1.mat,0.644144129434732,6238516.04238258,2
25,ED_shift2,ED shift2,MTVHFDNDSEDILFPISEMSSIQEYVNNNPNNINNVDIPYSLIDKNTVLSDDALDNIQENQTSLNLGLPPLSFSPDLPVETTIPSTDTNSLHLKASNDKDNRARTINSEIDKESTNNASGSGANQYTTLTSPYPMDNILYNMNNPLQSPSPSSVPQNPTINPPINTASENTNLSPQTSNGNTLEISPRAQQHTSIDKNRLSLPNGANSNLFITDNPNNLNKELRNQLNSTNDSYSNSISNSNSNSTGNLNSSYFNSLNISDMLYDDVSSLLDLDDDDNTNDLSRRRDFSVITNQFPSMTNSRNSISHSLLWDNHPKINPSNRNTNLNITTNSTSSSNASPNTTTMNANASDNIAGNPKDNNATINLDTEQILNYNEMNFNNDLGTSTSGKNKSACPSSFADNAMTKINPSQQLQQQLNRVQHKQLTSSHNNSSTNMKSFDNSLYSRRQRASLPIISDDLDSYLVNKDEQDPKNMDLPNSNLSSSQQFIKPSMIDLSNASVIAKVATTGLSDNMPFLTEEGQENANSTPNDFLSITQMNMAPLSPASSSSTSLATNHFYHHFPQQGHHT,93,59,31,0.996334923058867,1,133515.994549383,/home/labs/barkailab/felixj/combinedMean/ED_shift2.mat,0.956456488880429,497136.266965319,2
26,E_nextto_N,E nextto N,MTVDHDFNEEDILFPIESMSSIQYVENNNENNENNEVIPYSLDIKNEVLDSADLNEIQNEETSLNEGLPPLSFDSPLPVTETIPSTTDNELHLKADSNENEDARTIENESEIKSTNNESGSGANEYTTLTSPYPMNEILYNENNELQSPSPSSVPQNETINEPINEASNETNESPQTSNENETLISPRAQQHTSIKDNELSLPNEANENEFIDTNENNENEKLRNELNEDTNEYSNEISNENENETGNENESYFNELNEDSMLDDYVSSDLLLNEDDDDTNESRRRFSDVITNEFPSMTNERNEISHSLDLWNEPKINESNENENENETTNETSSSNESPNETTMNENEDSNEAGNEKNNEATIDNELTQILNEYNENENENEGTSTSGKNESACPSSFDANEMTKINESQQLQQQLNEVQHKQLTSSHNNESTNEKSFNEDLYSRRQRASLPIIDDSLSYDLVNEQDEDPKNEMLPNENESSSQQFIKPSMILSDNESVIAKVATTGLSNEMPFLTEEGEQNENETPNEDLSITQMNEAPLSPASSSSTSLATNEFYHHFPQQGHH,80,130,24,0.919962661849851,2,,/home/labs/barkailab/felixj/combinedMean/E_nextto_N.mat,3.38575239159961,1024133.16469218,7
27,FWY_cluster2,FWY cluster2,MTVDHDNSEDILPIESMSSIQVENNNPNNINNDVIPSLDIKNTVLDSADLNDIQNQETSLNLGLPPLSDSPLPVTETIPSTTDNSLHLKADSNKNRDARTIENDSEIKSTNNASGSGANQTTLTSPPMNDILNMNNPLQSPSPSSVPQNPTINPYYFYYFFYYFWYFFPINTASNETNLSPQTSNGNETLISPRAQQHTSIKDNRLSLPNGANSNLIDTNPNNLNEKLRNQLNSDTNSSNSISNSNSNSTGNLNSSNSLNIDSMLDDVSSDLLLNDDDDDTNLSRRRSDVITNQPSMTNSRNSISHSLDLNHPKINPSNRNTNLNITTNSTSSSNASPNTTTMNANADSNIAGNPKNNDATIDNELTQILNENMNNDNLGTSTSGKNKSACPSSDANAMTKINPSQQLQQQLNRVQHKQLTSSHNNSSTNMKSNSDLSRRQRASLPIIDDSLSDLVNKQDEDPKNDMLPNSNLSSSQQIKPSMILSDNASVIAKVATTGLSNDMPLTEEGEQNANSTPNDLSITQMNFYYWYFYWYYFYFFMAPLSPASSSSTSLATNHHHPQQGHHT,28,59,31,0.535745675434418,1,639926.733095481,/home/labs/barkailab/felixj/combinedMean/FWY_cluster2.mat,0.924925028048974,1336649.3049573,8
28,FWY_cluster3,FWY cluster3,MTVDHDNSEDILPIESMSSIQVENNNPNNINNDVIPSLDIKNTVLDSADLNDIQNQETWFYFYFYYYYYFFYSLNLGLPPLSDSPLPVTETIPSTTDNSLHLKADSNKNRDARTIENDSEIKSTNNASGSGANQTTLTSPPMNDILNMNNPLQSPSPSSVPQNPTINPPINTASNETNLSPQTSNGNETLISPRAQQHTSIKDNRLSLPNGANSNLIDTNPNNLNEKLRNQLNSDTNSSNSISNSNSNSTGNLNSSNSLNIDSMLDDVSSDLLLNDDDDDTNLSRRRSDVITNQPSMTNSRNSISHSLDLNHPKINPSNRNTNLNITTNSTSSSNASPNTTTMNANADSNIAGNPKNNDATIDNELTQILNENMNNDNLGTSTSGKNKSACPSSDANAMTKINPSQQLQQQLNRVQHKQLTSSHNNSSTNMKSNSDLSRRQRASLPIIDDSLSDLVNKQDEDPKNDMLPNSNLSSSQQIKPSMILSDNASVIAKVATTGLSNDMPLTEEGEQNANSTPNDLSITQMNMAPLSPASSSSTFFYYFYFFFFYYYYSLATNHHHPQQGHHT,32,59,31,0.290410715734872,2,514644.286101869,/home/labs/barkailab/felixj/combinedMean/FWY_cluster3.mat,0.471471472736797,2001132.58605881,8
29,FWY_clustering_3,FWY clustering 3,MTVDHDNSEDILFFYPIESMSSIQVENNNPNNINNDVIPSLDIKNTVLDSADLNDIQNQETSLNLGLPPLSYFYDSPLPVTETIPSTTDNSLHLKADSNKNRDARTIENDSEIKSTNNASGSGANQTTLTSPPMNDILYYFNMNNPLQSPSPSSVPQNPTINPPINTASNETNLSPQTSNGNETLISPRAQQHTSIKDNRLSLPNGANSNLIDTNPNNLNEKLRNQLNSDTNSSNSISNSNSNSTGNLNSSYYFNSLNIDSMLDDVSSDLLLNDDDDDTNLSRRRYFFSDVITNQPSMTNSRNSISHSLDLNHPKINPSNRNTNLNITTNSTSSSNASPNTTTMNANADSNIAGNPKNNDATIDNELTQILNEWYFNMNNDNLGTSTSGKNKSACPSSDANAMTKINPSQQLQQQLNRVQHKQLTSSHNNSSTNMKSFFYNSDLSRRQRASLPIIDDSLSDLVNKQDEDPKNDMLPNSNLSSSQQIKPSMILSDNASVIAKVATTGLSNDMPFFYLTEEGEQNANSTPNDLSITQMNMAPLSPASSSSTSLATNHFFYFHHPQQGHH,18,59,31,0.723765318601518,2,,/home/labs/barkailab/felixj/combinedMean/FWY_clustering_3.mat,0.637096752901169,2416125.17448702,8
30,FWY_deletion,FWY deletion,MTVDHDNSEDILPIESMSSIQVENNNPNNINNDVIPSLDIKNTVLDSADLNDIQNQETSLNLGLPPLSDSPLPVTETIPSTTDNSLHLKADSNKNRDARTIENDSEIKSTNNASGSGANQTTLTSPPMNDILNMNNPLQSPSPSSVPQNPTINPPINTASNETNLSPQTSNGNETLISPRAQQHTSIKDNRLSLPNGANSNLIDTNPNNLNEKLRNQLNSDTNSSNSISNSNSNSTGNLNSSNSLNIDSMLDDVSSDLLLNDDDDDTNLSRRRSDVITNQPSMTNSRNSISHSLDLNHPKINPSNRNTNLNITTNSTSSSNASPNTTTMNANADSNIAGNPKNNDATIDNELTQILNENMNNDNLGTSTSGKNKSACPSSDANAMTKINPSQQLQQQLNRVQHKQLTSSHNNSSTNMKSNSDLSRRQRASLPIIDDSLSDLVNKQDEDPKNDMLPNSNLSSSQQIKPSMILSDNASVIAKVATTGLSNDMPLTEEGEQNANSTPNDLSITQMNMAPLSPASSSSTSLATNHHHPQQGHH,28,59,31,0.939069989999307,1,294703.182478703,/home/labs/barkailab/felixj/combinedMean/FWY_deletion.mat,0.503602777612547,2747158.9451046,8
31,FWY_random2,FWY random2,MTVDHDYNSEDILPIESMSSIQVENNNPNNINNDFVIPSLDIKNTVLDSADLNDIQNQETSLWNLGLPPLSDSPLPVTETIPSTTDNSLHLYKYADSNKNRDARTIENDSEIKSTNNASGSGANQTTLTSPPMNDILNMNNPLQSPSPSSVPQNPTINPPIYNTASNETNLSPQTSNGFNEYTLISPRAQQHTSIKDNRLSLPNGANSNFLIDTNPNNLNEKLRNQLNSDTNSSNSISNSNSNSTGNLNSSNSLNIDSMLDDVSSYDLLLNDDDDDTNLSFRRRSDVITNQPSMTFNFSRNSISYHSLDLNHPFKINPSNRNTNLNITTNSTSSSNASPNTTTMNFANADSNIAGNPKNNDATIDNELTQILNFENMNNDNFLGYTSTSGKNKYSACPSSYDANAMTKINPSQQLQQQLNRVQHKQLTFSSFHNNSSTNMKSNSDLSRRQRASLPIIDDSLSDLVNFKQDEDPKNDMLPNSNLSSSQFQIKPSMILSDNASVIAKVATTGLSNDMPLTEEGYEQYNAFNSTPNDLSITQMNMAPLSPASSSSTSLATNHHHPQQGHHT,34,59,31,0.986162754789457,1,163269.836296553,/home/labs/barkailab/felixj/combinedMean/FWY_random2.mat,0.626126106671743,729901.008816895,8
32,FWY_random3,FWY random3,MTVDHDNSEDIYLPIESMSSIQVENNNPYNNINNDVIPSLYYDIKNTVLDSADLFNDIQNQETSLNLGLPPLSDSPLPVTETIPSTTDNSLHLKYADSNKNRDARTIENDSEIKSTNNASGSGANQTTLTSPPMNFDILNMNNPLQSPSPSSVPQFNPTINPPINTASNETNLSPQTSNGNETLISPRAQQHTSIKDNRLSLPNGANSNLIDTNPFNNLNEKLRNQFLNSDTNSSNSISNSNSNSTGNLNSSNSLNIDSMLDDVSSDLLLNDDDDDTNLSRRRSFDVITNQPSMTFNSRNSWISHSLDLNHPKINPSNRNTNLNITTNSTSSSNASPNTTTMNANADSNIAGNPKNNFDATIDNFELTQILNEYNMNNDNLGTSTSGKNKYSACPSSDANAMTKINPSQQLQQYYQLNRYVQHKQLTSSHFFNNSSTNMKSNSFDLSRRQRFASLPFIIDDSLSDLVNKQDEDPKNDMLPNSNLSSSQQIKPSMILSDNASVIAKVATTGLSNDMPLTEEGEQNANSTPNFDLSITQMYNMAPLSYPASSSSTSLATNHHHPQQGHHT,30,59,31,0.978446498076474,1,168311.544373702,/home/labs/barkailab/felixj/combinedMean/FWY_random3.mat,2.16966988113724,471260.34434634,8
33,FWY_shift,FWY shift,MTVDHFDNSEDILPFIESMSSIYQVENNNPNNINNDVIPSYLDIKNTVLDSADLNDIQNQETSLNLGLPPLFSDSPLPVTETIPSTTDNSLHLKADSNKNRDARTIENDSEIKSTNNASGSGANQTYTLTSYPPMNDIYLNMNNPLQSPSPSSVPQNPTINPPINTASNETNLSPQTSNGNETLISPRAQQHTSIKDNRLSLPNGANSNLIFDTNPNNLNEKLRNQLNSDTNYSSNSISNSNSNSTGNLNSFSNYSLNIDSMLDYDVSSDLLLNDDDDDTNLSRRFRSDVITNQPFSMTNSRNSISHSLDWLNHPKINPSNRNTNLNITTNSTSSSNASPNTTTMNANADSNIAGNPKNNDATIDNELTQILNENYMFNNDNLGTSTSGKNKSACPSFSDANAMTKINPSQQLQQQLNRVQHKQLTSSHNNSSTNMKFSNSDYLSRRQRASLPIIDDSLYSDLVNKQDEDPKNDMLPNSNLSSSQFQIKPSMILSDNASVIAKVATTGLSNDMFPLTEEGEQNANSTPNDFLSITQMNMAPLSPASSSSTSLATNFHHYFHPQQGHH,45,59,31,0.965466452117454,2,,/home/labs/barkailab/felixj/combinedMean/FWY_shift.mat,0.533602054721926,475993.884338739,8
34,FWY_to_A,FWY to A,MTVDHDANSEDILAPIESMSSIQAVENNNPNNINNDVIPASLDIKNTVLDSADLNDIQNQETSLNLGLPPLSADSPLPVTETIPSTTDNSLHLKADSNKNRDARTIENDSEIKSTNNASGSGANQATTLTSPAPMNDILANMNNPLQSPSPSSVPQNPTINPPINTASNETNLSPQTSNGNETLISPRAQQHTSIKDNRLSLPNGANSNLAIDTNPNNLNEKLRNQLNSDTNSASNSISNSNSNSTGNLNSSAANSLNIDSMLDDAVSSDLLLNDDDDDTNLSRRRASDVITNQAPSMTNSRNSISHSLDLANHPKINPSNRNTNLNITTNSTSSSNASPNTTTMNANADSNIAGNPKNNDATIDNELTQILNEANMNANDNLGTSTSGKNKSACPSSADANAMTKINPSQQLQQQLNRVQHKQLTSSHNNSSTNMKSANSDLASRRQRASLPIIDDSLSADLVNKQDEDPKNDMLPNSNLSSSQQAIKPSMILSDNASVIAKVATTGLSNDMPALTEEGEQNANSTPNADLSITQMNMAPLSPASSSSTSLATNHAAHHAPQQGHH,28,59,31,0.86751990704252,3,,/home/labs/barkailab/felixj/combinedMean/FWY_to_A.mat,3.73655893294469,1489602.36205084,8
35,G_to_A,G to A,MTVDHDFNSEDILFPIESMSSIQYVENNNPNNINNDVIPYSLDIKNTVLDSADLNDIQNQETSLNLALPPLSFDSPLPVTETIPSTTDNSLHLKADSNKNRDARTIENDSEIKSTNNASASAANQYTTLTSPYPMNDILYNMNNPLQSPSPSSVPQNPTINPPINTASNETNLSPQTSNANETLISPRAQQHTSIKDNRLSLPNAANSNLFIDTNPNNLNEKLRNQLNSDTNSYSNSISNSNSNSTANLNSSYFNSLNIDSMLDDYVSSDLLLNDDDDDTNLSRRRFSDVITNQFPSMTNSRNSISHSLDLWNHPKINPSNRNTNLNITTNSTSSSNASPNTTTMNANADSNIAANPKNNDATIDNELTQILNEYNMNFNDNLATSTSAKNKSACPSSFDANAMTKINPSQQLQQQLNRVQHKQLTSSHNNSSTNMKSFNSDLYSRRQRASLPIIDDSLSYDLVNKQDEDPKNDMLPNSNLSSSQQFIKPSMILSDNASVIAKVATTALSNDMPFLTEEAEQNANSTPNFDLSITQMNMAPLSPASSSSTSLATNHFYHHFPQQAHH,12,59,31,0.992141870680489,1,84334.2833325227,/home/labs/barkailab/felixj/combinedMean/G_to_A.mat,0.0728582664821396,307264.521416743,4
36,KR_to_A,KR to A,MTVDHDFNSEDILFPIESMSSIQYVENNNPNNINNDVIPYSLDIANTVLDSADLNDIQNQETSLNLGLPPLSFDSPLPVTETIPSTTDNSLHLAADSNANADAATIENDSEIASTNNASGSGANQYTTLTSPYPMNDILYNMNNPLQSPSPSSVPQNPTINPPINTASNETNLSPQTSNGNETLISPAAQQHTSIADNALSLPNGANSNLFIDTNPNNLNEALANQLNSDTNSYSNSISNSNSNSTGNLNSSYFNSLNIDSMLDDYVSSDLLLNDDDDDTNLSAAAFSDVITNQFPSMTNSANSISHSLDLWNHPAINPSNANTNLNITTNSTSSSNASPNTTTMNANADSNIAGNPANNDATIDNELTQILNEYNMNFNDNLGTSTSGANASACPSSFDANAMTAINPSQQLQQQLNAVQHAQLTSSHNNSSTNMASFNSDLYSAAQAASLPIIDDSLSYDLVNAQDEDPANDMLPNSNLSSSQQFIAPSMILSDNASVIAAVATTGLSNDMPFLTEEGEQNANSTPNFDLSITQMNMAPLSPASSSSTSLATNHFYHHFPQQGHH,31,59,0,0.990683985268725,2,,/home/labs/barkailab/felixj/combinedMean/KR_to_A.mat,2.8319890663266,98364.8297522557,3
37,LIV_cluster1,LIV cluster1,MTDHDFNSEDFPESMSSQYENNNPNNNNDPYSDKNTDSADNLLVLILLILVLLLLDQNQETSNGPPSFDSPPTETPSVLILIVIVLLLLITTDNSHKADSNKNRDARTENDSEKSTNNASGSGANQYTTTSPYPMNDYNMNNPQSPSPSSPQNPTNPPNTASNETNSPQTSNGNETSPRAQQHTSKDNRSPNGANSNFDTNPNNNEKRNQNSDTNSYSNSSNSNSNSTGNNSSYFNSNDSMDDYSSDNDDDDDTNSRRRFSDTNIIIIILLILILILLQFPSMTLLIIVLLLILILLNSRNSSHSDWNHPKNPSNRNTNNTTNSTSSSNASPNTTTMNANADSNAGNPKNNDATDNETQNEYNMNFNDNGTSTSGKNKSACPSSFDLVIILLLIILLLLANAMTKNPSQQQQQNRQHKQTSSHNNSSTNMKSFNSIVLIVIILVIIILIDYSRRQRASPDDSSYDNKQDEDPKNIIVILLLILLILIDMPNSNSSSQQFKPSMSDNASAKATTGSNDMPFTEEGEQNANSTPNFDSTQMNMAPSPASSSSTSATNHFYHHFPQQGHHT,107,59,31,0.114682997060083,1,1090375.52365235,/home/labs/barkailab/felixj/combinedMean/LIV_cluster1.mat,0.125700577537471,3635354.6489235,9
38,LIV_cluster2,LIV cluster2,MTDHDFNSEDFPESMSSQYENNNPNNNNDPYSVLILLVLVILLILLDKNTDSADNDQNQETSNGPPSFDSPPTETPSTTDNSHKADSNKNRDARTENDSELLLLIILILILLILKSTNNASGSGANQYTTTSPYPMNDYNMNNPQSPSPSSPQNPTNPPNTASNETNSPQTSNGNETSPRAQQHTSKDNRSPNGANSNFDTNPNNNEKRNQNSDTNSYSNSSNSNSNSTGNNSSYFNSNDSMDDYSSDLLLVILLIILLLINDDDDDTNSRRRFSDTNQFPSMTNSRNSSHSDWNHPKNPSNRNTNNTTNSTSSSNASPNTTTMNANADSNAGNPKNNIIIILLLILIIVLDATDNETQNEYNMNFNDNGTSTSGKNKSACPSSFDANAMTKNPSQQQQQNRQHKQTSSHNNSSTNMKSFNSDYSRRIVVVIIIIILLLLLQRASPDDLLVIVLLIIILILSSYDNKQDEDPKNDMPNSNSSSQQVLILLIIIILILVFKPSMSDNASAKATTGSNDMPFTEEGEQNANSTPNFDSTQMNMAPSPASSSSTSATNHFYHHFPQQGHHT,121,59,31,0.533829364791663,1,497270.236142023,/home/labs/barkailab/felixj/combinedMean/LIV_cluster2.mat,1.69815838561142,593374.524237879,9
39,LIV_cluster3,LIV cluster3,MTDHDFNSEDFPESMSSQYENNNPNNNNDPYSDLLLLILVLLLLILIKNTDSADNDQNQETSNGPPSFDSPPTETPSTTDNSHKADSNKNRDLVLILILLVIVVLARTENDSEKSTNNALLLILVIILLLIIISGSGANQYTTTSPYPMNDYNMNNPQSPSPSSPQNPTNPPNTASNETNSLILLILLLILLLVPQTSNGNETSPRAQQHTSKDNRSPNGANSNFDTNPNNNEKRNQNSDTNSYSNSSNSNSNSTGNNSSYFNSNDSMDDYSSDNDDDDDTNSRRRFSDTNQFPSMTNSRNIILILLLLILLLLVSSHSDWNHPKNPSNRNTNNTTNSTSSSNASPNTTTMNANADSNAGNPKNNDATDNETQNEYNMNFNDNGTSTSGKNKSACPSSFDANAMTKNPSQQQQQNRQHKQTSSHNNSSTNMKSFNSLIIILLLLILLLLDYSRRQRASPDDSSYDNKQDEDPKNDMPNSNSSSQQFKPSMSDNASAKATTGSNDMPFTEEGEQNANSTPNFDSTQMNMAPSPASSSSTSATNHFILILILLILLLILYHHFPQQGHHT,108,59,31,0.226499920768836,1,732964.538504737,/home/labs/barkailab/felixj/combinedMean/LIV_cluster3.mat,1.48839063800756,2305901.68141593,9
40,LIV_deletion,LIV deletion,MTDHDFNSEDFPESMSSQYENNNPNNNNDPYSDKNTDSADNDQNQETSNGPPSFDSPPTETPSTTDNSHKADSNKNRDARTENDSEKSTNNASGSGANQYTTTSPYPMNDYNMNNPQSPSPSSPQNPTNPPNTASNETNSPQTSNGNETSPRAQQHTSKDNRSPNGANSNFDTNPNNNEKRNQNSDTNSYSNSSNSNSNSTGNNSSYFNSNDSMDDYSSDNDDDDDTNSRRRFSDTNQFPSMTNSRNSSHSDWNHPKNPSNRNTNNTTNSTSSSNASPNTTTMNANADSNAGNPKNNDATDNETQNEYNMNFNDNGTSTSGKNKSACPSSFDANAMTKNPSQQQQQNRQHKQTSSHNNSSTNMKSFNSDYSRRQRASPDDSSYDNKQDEDPKNDMPNSNSSSQQFKPSMSDNASAKATTGSNDMPFTEEGEQNANSTPNFDSTQMNMAPSPASSSSTSATNHFYHHFPQQGHH,94,59,31,0.989458785212991,1,119191.884238259,/home/labs/barkailab/felixj/combinedMean/LIV_deletion.mat,1.92874289312004,966567.765491048,9
41,LIV_random1,LIV random1,MTIIDLHDFNSEDLFPESMSSQYLENNNPNNNNDPLLYSDIKNTDSADLNDQNQETSLNGPPSFDSPPTETIPSTVTDNSHKALDSNKNRDARTENDSLEKVSLTNNASGSGIANQIYTTTLSPYPMNLDYNMNLNPQSPVSPSSPQNPTNPPNTASNETNISLIPILQTSNGNETLSPRAQVQVIHTSKDNRSPNGANSNFDTNPNNINIEKRNQLINSDTVNSYISNISSNISNSNSTGNNLSSYFINSNDSMDDLYVSSDNDDDDDTNSIRIRRFSIDTNQFPSLMTNSRNSSHSDWNHPKLNPIVSNRINTNNTTLNSLTSSSNASLPNLTLTTMNANADSLNAGLNPKLNNLDIATDINLELTQNIEYLNLMNFNDNGTSTLSGKNKISACLPSSFDANAMTLKNPSQIQQQLVQNRIQHKQTSSLHVNNSSTINMKSFNSDYSRRQRVASPDLDLSSYDLLNKQDEDPKLNLDMPNSNSSSQQFKPSMSDNASAKATTGISNDLMPLFTEEGEQNANSTPLNFDSLTQMNMAPSPASSSSTLSAVTNHFYHHFPQIQIGHHT,106,59,31,0.976871935769877,1,229667.541856925,/home/labs/barkailab/felixj/combinedMean/LIV_random1.mat,0.618895031366855,812926.803101051,9
42,LIV_random2,LIV random2,MTDHDFNSLEDFVLPESMLLSSQYENNNPNNNNDPLLLYSDKNLTDSADNDQNQETISNGLPLVPSFDLSPIPTETPSTITDINSHKVADSNKNRDVIARITENDSEKSTNNALSGSLGANQYTTLTSPYPMNDYNMLNNPQSPSLPSSPQNILPTNPVPNTASINETNSPQTSNIGNETISPRAQQLHTSKDNRLLSPNGANSINFDTNPLNNNVEIIKRNQNISDTNSLYSNSLSNSNSNSTGNNSSYFNISNDSIMDDYISLSIDNDDDDDTNSRLRRVLFSLDTNQFPSMTNISRNISSHSDWNIHPLKNLPSNRNTNNTTNSTSSSNAILSPNTLTLTMNAVNADSNAGNPKLNNIDALITDNLETQNLEYNMNFNDNGTSLTSGKNKSACLPSSFDANAMTKNLPSQLQQQQNRQHKQTSSHNINSSTNMKSIFNSDYSLRRLQVRASPDDSSYDNKQDEDPKINLDMPNLSNSSLLSQQFKPSMSVDNASAKATTGSNVDMPLFTEEGEQNANIISTPNFDSTQMNMAPSPASLSSSITSATNHFLYHHFVPQLQIGHIHT,120,59,31,0.990040236929934,1,174670.272259356,/home/labs/barkailab/felixj/combinedMean/LIV_random2.mat,0.798238612099174,375890.902433145,9
43,LIV_random3,LIV random3,MTLDIVHDFNSELDFPESMSLSIQYENLNNPNLNNNIDPYSLDKNTVDSADNDQLNQETSNGPVPILLSFDSLPPTETPLISTTDLNSHLIKADSLNKNRDAVRTENLDSEKSTNNAVSGSGLANQYTTTSPIYPMNDYNMNNPQSPILSPSSPQNPTNPIPNTAVSINEITNSPQTSNGNEITSLPRIVAQQLHTISKIDNRSLPNGANSNLFIDTNPNNNEKLLRNQNSDTNSYSLNSSNSNSNSTGVNNSSYFNLSNDSMLDDYSSDNDDDDDTNVSLLRRRIFSLDTLNQFLPSMTNSIRNSSHSDWNHPKNPSNRINTNNTTNSTSSSNASPNTTTMNANLADSNALGNPKNNDATDNETVQNLIEYNMNFLNDNGLTSTSLGIKVNKSACPSSFDANAMTLLKLNPSLQQQQQNRQHKQTSSHLNNSLSTNMKSFNSDYSRRQLRASIPDIIDSSVYIDNKQDEDIPKNDLMPNSINSSSIQQFKPSMSDNALISAKAITTGSLNDMPFTEEGEQNANSTPNFDSTIQMNMALPSPASSISSTSATNHFYHHFPQQGHHLLT,109,59,31,0.905291851993351,1,218768.281033508,/home/labs/barkailab/felixj/combinedMean/LIV_random3.mat,,1084897.71938269,9
44,LI_shift,LI shift,MTVDHDFNSEIDFPLIESMSSQIYVENNNPNINNNDIVPYLSDKINTLVDSALDNDQINQETLSLNGPLLPSFDSPPLVTEITPSTTDNSHLKLADSNKNRDARITENDSIEKSTNNASGSGANQYTLTTSPYPMNIDYLNMNNLPQSPSPSSVPQNPITNPPNITASNETLNSPQTSNGNELTSIPRAQQHTISKDNLRSPNLGANSLNFDITNPNLNNELKRNQNLSDTNSYSNISSNSNSNSTGLNNSSYFNSNILDSMDLDYVSSLDNLDLDDDDTLNSRRRFSDIVTNQFPSMTNSRNISSHSDLWLNHPIKNPSNRNTLNNTITNSTSSSNASPNTTTMNANADSINAGNPKNNDATDINLETLQNIEYNMNFNDNGLTSTSGKNKSACPSSFDANAMTIKNPSQQQLQQLNRVQHKLQTSSHNNSSTNMKSFNSLDYSRRQRALSIPDIDSSLYLDVNKQDEDPKNDMPLNSLNSSSQQIFKPSIMSLDNASIVAKVATTGSLNDMPLFTEEGEQNANSTPNFLDSTIQMNMALPSPASSSSTSALTNHFYHHFPQQGHH,124,59,31,0.945867782399396,2,,/home/labs/barkailab/felixj/combinedMean/LI_shift.mat,0.534946133139011,977734.669267613,9
45,L_to_A,L to A,MTVDHDFNSEDIAFPIESMSSIQYVENNNPNNINNDVIPYSADIKNTVADSADANDIQNQETSANAGAPPASFDSPAPVTETIPSTTDNSAHAKADSNKNRDARTIENDSEIKSTNNASGSGANQYTTATSPYPMNDIAYNMNNPAQSPSPSSVPQNPTINPPINTASNETNASPQTSNGNETAISPRAQQHTSIKDNRASAPNGANSNAFIDTNPNNANEKARNQANSDTNSYSNSISNSNSNSTGNANSSYFNSANIDSMADDYVSSDAAANDDDDDTNASRRRFSDVITNQFPSMTNSRNSISHSADAWNHPKINPSNRNTNANITTNSTSSSNASPNTTTMNANADSNIAGNPKNNDATIDNEATQIANEYNMNFNDNAGTSTSGKNKSACPSSFDANAMTKINPSQQAQQQANRVQHKQATSSHNNSSTNMKSFNSDAYSRRQRASAPIIDDSASYDAVNKQDEDPKNDMAPNSNASSSQQFIKPSMIASDNASVIAKVATTGASNDMPFATEEGEQNANSTPNFDASITQMNMAPASPASSSSTSAATNHFYHHFPQQGHH,50,59,31,0.991388778563379,2,,/home/labs/barkailab/felixj/combinedMean/L_to_A.mat,3.70833309759627,120768.999701347,9
46,Left_positive_right_negative,Left positive right negative,MTVKHKFNSKKILFPIKSMSSIQYVKNNNPNNINNRVIPYSLRIKNTVLRSAKLNKIQNQKTSLNLGLPPLSFRSPLPVTRTIPSTTKNSLHLRAKSNRNRKARTIKNRSRIKSTNNASGSGANQYTTLTSPYPMNKILYNMNNPLQSPSPSSVPQNPTINPPINTASNKTNLSPQTSNGNRTLISPRAQQHTSIKDNDLSLPNGANSNLFIDTNPNNLNDDLDNQLNSETNSYSNSISNSNSNSTGNLNSSYFNSLNIESMLDDYVSSDLLLNDDDDDTNLSEDDFSDVITNQFPSMTNSDNSISHSLDLWNHPDINPSNDNTNLNITTNSTSSSNASPNTTTMNANADSNIAGNPDNNDATIDNDLTQILNDYNMNFNDNLGTSTSGDNDSACPSSFDANAMTDINPSQQLQQQLNEVQHDQLTSSHNNSSTNMESFNSDLYSEDQDASLPIIDDSLSYDLVNDQDDDPENDMLPNSNLSSSQQFIDPSMILSDNASVIADVATTGLSNDMPFLTDDGDQNANSTPNFELSITQMNMAPLSPASSSSTSLATNHFYHHFPQQGHH,58,59,31,0.971078273902383,2,,/home/labs/barkailab/felixj/combinedMean/Left_positive_right_negative.mat,1.11506842837974,68950684.5291421,1
47,MSN2WT,MSN2WT,MTVDHDFNSEDILFPIESMSSIQYVENNNPNNINNDVIPYSLDIKNTVLDSADLNDIQNQETSLNLGLPPLSFDSPLPVTETIPSTTDNSLHLKADSNKNRDARTIENDSEIKSTNNASGSGANQYTTLTSPYPMNDILYNMNNPLQSPSPSSVPQNPTINPPINTASNETNLSPQTSNGNETLISPRAQQHTSIKDNRLSLPNGANSNLFIDTNPNNLNEKLRNQLNSDTNSYSNSISNSNSNSTGNLNSSYFNSLNIDSMLDDYVSSDLLLNDDDDDTNLSRRRFSDVITNQFPSMTNSRNSISHSLDLWNHPKINPSNRNTNLNITTNSTSSSNASPNTTTMNANADSNIAGNPKNNDATIDNELTQILNEYNMNFNDNLGTSTSGKNKSACPSSFDANAMTKINPSQQLQQQLNRVQHKQLTSSHNNSSTNMKSFNSDLYSRRQRASLPIIDDSLSYDLVNKQDEDPKNDMLPNSNLSSSQQFIKPSMILSDNASVIAKVATTGLSNDMPFLTEEGEQNANSTPNFDLSITQMNMAPLSPASSSSTSLATNHFYHHFPQQGHH,0,59,31,0.984587952031125,5,,/home/labs/barkailab/felixj/combinedMean/MSN2WT.mat,,178266.179665734,10
48,MSN2_rep0_nls,MSN2 rep0 nls,,567,0,0,0.99032772710808,2,,/home/labs/barkailab/felixj/combinedMean/MSN2_rep0_nls.mat,,521833.789775688,10
49,MSN2_start_nls,MSN2 start nls,,567,0,0,,1,,/home/labs/barkailab/felixj/combinedMean/MSN2_start_nls.mat,1.67876318383078,307845.790045031,10
50,NQ_deletion,NQ deletion,MTVDHDFSEDILFPIESMSSIYVEPIDVIPYSLDIKTVLDSADLDIETSLLGLPPLSFDSPLPVTETIPSTTDSLHLKADSKRDARTIEDSEIKSTASGSGAYTTLTSPYPMDILYMPLSPSPSSVPPTIPPITASETLSPTSGETLISPRAHTSIKDRLSLPGASLFIDTPLEKLRLSDTSYSSISSSSTGLSSYFSLIDSMLDDYVSSDLLLDDDDDTLSRRRFSDVITFPSMTSRSISHSLDLWHPKIPSRTLITTSTSSSASPTTTMAADSIAGPKDATIDELTILEYMFDLGTSTSGKKSACPSSFDAAMTKIPSLLRVHKLTSSHSSTMKSFSDLYSRRRASLPIIDDSLSYDLVKDEDPKDMLPSLSSSFIKPSMILSDASVIAKVATTGLSDMPFLTEEGEASTPFDLSITMMAPLSPASSSSTSLATHFYHHFPGHH,121,59,31,0.929549435213721,1,433480.868518749,/home/labs/barkailab/felixj/combinedMean/NQ_deletion.mat,0.674939998641828,1649475.68887403,10
51,NQ_shift,NQ shift,MTVDHDNFSEDILFPIESMSSIYQVNNENPNNIDNVNIPYSLDINKTVLDSADLDNQQINETSLLNGLPPLSFDSPLPVTETIPSTTNDSLHLKADSNKRDNARTINEDSEIKSNTANSGSGQAYNTTLTSPYPMDNILNYNMPNLSPQSPSSVQPPNTNIPPITNANSETLNSQPTSNGNETLISPRQAHQTSIKDRNLSLNPGANSNLFIDNTNPLNNEKLNRNLQSDTSNYNSSINSSNSNSTNGLSNSYNFSLINDSMLDDYVSSDLLNLDDDDDNTLSRRRFSDVIQTFNPSMTSNNRSISHSLDLWHNPKNIPSRNNNTLINTNTSTSSSANSNPTTTMANNADSINANGPNKDNATIDELNQTILENNYMFNNNDLGTSTSGKKNSACPSSFDNAAMTKIPNQSLQQQLNQRVHQQKLTSSNHSNSNTMKSFSNDLYSRQRRASLPIIDDSLSYDLVQKNDEDPKDNMLNPSLNSSQSFQIKPSMILSNDASVIAKVATTGLSDMNPFLTEEGQEANNSTNPFDLSINTMQMAPLSPASSSSTSLATHNFYHHFQPGQHH,168,59,31,0.941552131207158,2,,/home/labs/barkailab/felixj/combinedMean/NQ_shift.mat,0.59543003908709,390315.513625587,6
52,NQ_to_A,NQ to A,MTVDHDFASEDILFPIESMSSIAYVEAAAPAAIAADVIPYSLDIKATVLDSADLADIAAAETSLALGLPPLSFDSPLPVTETIPSTTDASLHLKADSAKARDARTIEADSEIKSTAAASGSGAAAYTTLTSPYPMADILYAMAAPLASPSPSSVPAAPTIAPPIATASAETALSPATSAGAETLISPRAAAHTSIKDARLSLPAGAASALFIDTAPAALAEKLRAALASDTASYSASISASASASTGALASSYFASLAIDSMLDDYVSSDLLLADDDDDTALSRRRFSDVITAAFPSMTASRASISHSLDLWAHPKIAPSARATALAITTASTSSSAASPATTTMAAAADSAIAGAPKAADATIDAELTAILAEYAMAFADALGTSTSGKAKSACPSSFDAAAMTKIAPSAALAAALARVAHKALTSSHAASSTAMKSFASDLYSRRARASLPIIDDSLSYDLVAKADEDPKADMLPASALSSSAAFIKPSMILSDAASVIAKVATTGLSADMPFLTEEGEAAAASTPAFDLSITAMAMAPLSPASSSSTSLATAHFYHHFPAAGHH,121,59,31,0.97759232219894,2,,/home/labs/barkailab/felixj/combinedMean/NQ_to_A.mat,3.4368277486281,2689018.3488274,4
53,NS_swapped,NS swapped,MTVDHDFSNEDILFPIENMNNIQYVESSSPNSINSDVIPYNLDIKNTVLDNADLSDIQSQETNLSLGLPPLNFDNPLPVTETIPNTTDSNLHLKADNSKSRDARTIESDNEIKNTSSANGNGASQYTTLTNPYPMSDILYSMSNPLQNPNPNNVPQSPTISPPISTANSETSLNPQTNSGSETLINPRAQQHTNIKDSRLNLPSGASNSLFIDTSPSSLSEKLRSQLSNDTSNYNSNINSNSNNNTGSLSNNYFSNLSIDNMLDDYVNNDLLLSDDDDDTSLNRRRFNDVITSQFPNMTSNRSNINHNLDLWSHPKISPNSRSTSLSITTSNTNNNSANPSTTTMSASADNSIAGNPKSSDATIDSELTQILSEYSMSFSDSLGTNTNGKSKNACPNNFDASAMTKISPNQQLQQQLSRVQHKQLTNNHSSNNTSMKNFSNDLYNRRQRANLPIIDDNLNYDLVSKQDEDPKSDMLPSNSLNNNQQFIKPNMILNDSANVIAKVATTGLNSDMPFLTEEGEQSASNTPSFDLNITQMSMAPLNPANNNNTNLATSHFYHHFPQQGHH,172,59,31,0.979854441078372,2,,/home/labs/barkailab/felixj/combinedMean/NS_swapped.mat,0.530913897887758,801381.916134537,6
54,N_clustering_5,N clustering 5,MTVDHDFSEDILFPIESMSSIQYVENNNNNPIDVIPYSLDIKTVLDSADLNNNNNDIQQETSLLGLPPLSFDSPLPVTETIPSTTDSLHLKADSNNNNNKRDARTIEDSEIKSTASGSGAQYTTLTSPYPMNNNNNDILYMPLQSPSPSSVPQPTINNNNNPPITASETLSPQTSNNNNNGETLISPRAQQHTSIKDRLSLPGANNNNSLFIDTPNNNNNLEKLRQLSDTSYSNNNNNSISSSSTGLNNNNNSSYFSLIDSMLDDYVSSDLLLDDDDDTLSRRRFSDVITNNNNNQFPSMTSRSISHSLDLWHPKIPSNNNNNRTLITTSTSSSNNNNNASPTTTMAADSIAGNNNNNPKDATIDELTQILNNNNNEYMFDLGTSTSGKKSACPSSFDANNNNNAMTKIPSQQLQQQLRVQHKQLTSSHSSTNNNNNMKSFSDLYSRRQRASLPIIDDSLSYDLVKQDEDPKDMLPSNNNNNLSSSQQFIKPSMILSDASVIAKVATTGLSDMPFLTEEGEQASTPNNNNNFDLSITQMMAPLSPASSSSTSLATHFYHHFPQQGHH,102,59,31,0.959980557212287,2,,/home/labs/barkailab/felixj/combinedMean/N_clustering_5.mat,0.483870870405343,911530.099267382,6
55,N_to_D,N to D,MTVDHDFDSEDILFPIESMSSIQYVEDDDPDDIDDDVIPYSLDIKDTVLDSADLDDIQDQETSLDLGLPPLSFDSPLPVTETIPSTTDDSLHLKADSDKDRDARTIEDDSEIKSTDDASGSGADQYTTLTSPYPMDDILYDMDDPLQSPSPSSVPQDPTIDPPIDTASDETDLSPQTSDGDETLISPRAQQHTSIKDDRLSLPDGADSDLFIDTDPDDLDEKLRDQLDSDTDSYSDSISDSDSDSTGDLDSSYFDSLDIDSMLDDYVSSDLLLDDDDDDTDLSRRRFSDVITDQFPSMTDSRDSISHSLDLWDHPKIDPSDRDTDLDITTDSTSSSDASPDTTTMDADADSDIAGDPKDDDATIDDELTQILDEYDMDFDDDLGTSTSGKDKSACPSSFDADAMTKIDPSQQLQQQLDRVQHKQLTSSHDDSSTDMKSFDSDLYSRRQRASLPIIDDSLSYDLVDKQDEDPKDDMLPDSDLSSSQQFIKPSMILSDDASVIAKVATTGLSDDMPFLTEEGEQDADSTPDFDLSITQMDMAPLSPASSSSTSLATDHFYHHFPQQGHH,94,153,31,0.982634455218829,2,,/home/labs/barkailab/felixj/combinedMean/N_to_D.mat,0.618279560767168,973650.534778236,5
56,N_to_E,N to E,MTVDHDFESEDILFPIESMSSIQYVEEEEPEEIEEDVIPYSLDIKETVLDSADLEDIQEQETSLELGLPPLSFDSPLPVTETIPSTTDESLHLKADSEKERDARTIEEDSEIKSTEEASGSGAEQYTTLTSPYPMEDILYEMEEPLQSPSPSSVPQEPTIEPPIETASEETELSPQTSEGEETLISPRAQQHTSIKDERLSLPEGAESELFIDTEPEELEEKLREQLESDTESYSESISESESESTGELESSYFESLEIDSMLDDYVSSDLLLEDDDDDTELSRRRFSDVITEQFPSMTESRESISHSLDLWEHPKIEPSERETELEITTESTSSSEASPETTTMEAEADSEIAGEPKEEDATIDEELTQILEEYEMEFEDELGTSTSGKEKSACPSSFDAEAMTKIEPSQQLQQQLERVQHKQLTSSHEESSTEMKSFESDLYSRRQRASLPIIDDSLSYDLVEKQDEDPKEDMLPESELSSSQQFIKPSMILSDEASVIAKVATTGLSEDMPFLTEEGEQEAESTPEFDLSITQMEMAPLSPASSSSTSLATEHFYHHFPQQGHH,94,153,31,0.994059577938389,2,,/home/labs/barkailab/felixj/combinedMean/N_to_E.mat,0.813171968487424,1335488.34995627,5
57,N_to_G,N to G,MTVDHDFGSEDILFPIESMSSIQYVEGGGPGGIGGDVIPYSLDIKGTVLDSADLGDIQGQETSLGLGLPPLSFDSPLPVTETIPSTTDGSLHLKADSGKGRDARTIEGDSEIKSTGGASGSGAGQYTTLTSPYPMGDILYGMGGPLQSPSPSSVPQGPTIGPPIGTASGETGLSPQTSGGGETLISPRAQQHTSIKDGRLSLPGGAGSGLFIDTGPGGLGEKLRGQLGSDTGSYSGSISGSGSGSTGGLGSSYFGSLGIDSMLDDYVSSDLLLGDDDDDTGLSRRRFSDVITGQFPSMTGSRGSISHSLDLWGHPKIGPSGRGTGLGITTGSTSSSGASPGTTTMGAGADSGIAGGPKGGDATIDGELTQILGEYGMGFGDGLGTSTSGKGKSACPSSFDAGAMTKIGPSQQLQQQLGRVQHKQLTSSHGGSSTGMKSFGSDLYSRRQRASLPIIDDSLSYDLVGKQDEDPKGDMLPGSGLSSSQQFIKPSMILSDGASVIAKVATTGLSGDMPFLTEEGEQGAGSTPGFDLSITQMGMAPLSPASSSSTSLATGHFYHHFPQQGHH,94,59,31,0.917334456704224,2,,/home/labs/barkailab/felixj/combinedMean/N_to_G.mat,0.932795607671676,339.384231970619,5
58,N_to_H,N to H,MTVDHDFHSEDILFPIESMSSIQYVEHHHPHHIHHDVIPYSLDIKHTVLDSADLHDIQHQETSLHLGLPPLSFDSPLPVTETIPSTTDHSLHLKADSHKHRDARTIEHDSEIKSTHHASGSGAHQYTTLTSPYPMHDILYHMHHPLQSPSPSSVPQHPTIHPPIHTASHETHLSPQTSHGHETLISPRAQQHTSIKDHRLSLPHGAHSHLFIDTHPHHLHEKLRHQLHSDTHSYSHSISHSHSHSTGHLHSSYFHSLHIDSMLDDYVSSDLLLHDDDDDTHLSRRRFSDVITHQFPSMTHSRHSISHSLDLWHHPKIHPSHRHTHLHITTHSTSSSHASPHTTTMHAHADSHIAGHPKHHDATIDHELTQILHEYHMHFHDHLGTSTSGKHKSACPSSFDAHAMTKIHPSQQLQQQLHRVQHKQLTSSHHHSSTHMKSFHSDLYSRRQRASLPIIDDSLSYDLVHKQDEDPKHDMLPHSHLSSSQQFIKPSMILSDHASVIAKVATTGLSHDMPFLTEEGEQHAHSTPHFDLSITQMHMAPLSPASSSSTSLATHHFYHHFPQQGHH,94,59,31,0.977157361674919,2,,/home/labs/barkailab/felixj/combinedMean/N_to_H.mat,0.270161176256262,5845.28384304212,5
59,N_to_Q,N to Q,MTVDHDFQSEDILFPIESMSSIQYVEQQQPQQIQQDVIPYSLDIKQTVLDSADLQDIQQQETSLQLGLPPLSFDSPLPVTETIPSTTDQSLHLKADSQKQRDARTIEQDSEIKSTQQASGSGAQQYTTLTSPYPMQDILYQMQQPLQSPSPSSVPQQPTIQPPIQTASQETQLSPQTSQGQETLISPRAQQHTSIKDQRLSLPQGAQSQLFIDTQPQQLQEKLRQQLQSDTQSYSQSISQSQSQSTGQLQSSYFQSLQIDSMLDDYVSSDLLLQDDDDDTQLSRRRFSDVITQQFPSMTQSRQSISHSLDLWQHPKIQPSQRQTQLQITTQSTSSSQASPQTTTMQAQADSQIAGQPKQQDATIDQELTQILQEYQMQFQDQLGTSTSGKQKSACPSSFDAQAMTKIQPSQQLQQQLQRVQHKQLTSSHQQSSTQMKSFQSDLYSRRQRASLPIIDDSLSYDLVQKQDEDPKQDMLPQSQLSSSQQFIKPSMILSDQASVIAKVATTGLSQDMPFLTEEGEQQAQSTPQFDLSITQMQMAPLSPASSSSTSLATQHFYHHFPQQGHH,94,59,31,0.994669956370798,2,,/home/labs/barkailab/felixj/combinedMean/N_to_Q.mat,3.06989226627802,141778.415939051,5
60,N_to_R,N to R,MTVDHDFRSEDILFPIESMSSIQYVERRRPRRIRRDVIPYSLDIKRTVLDSADLRDIQRQETSLRLGLPPLSFDSPLPVTETIPSTTDRSLHLKADSRKRRDARTIERDSEIKSTRRASGSGARQYTTLTSPYPMRDILYRMRRPLQSPSPSSVPQRPTIRPPIRTASRETRLSPQTSRGRETLISPRAQQHTSIKDRRLSLPRGARSRLFIDTRPRRLREKLRRQLRSDTRSYSRSISRSRSRSTGRLRSSYFRSLRIDSMLDDYVSSDLLLRDDDDDTRLSRRRFSDVITRQFPSMTRSRRSISHSLDLWRHPKIRPSRRRTRLRITTRSTSSSRASPRTTTMRARADSRIAGRPKRRDATIDRELTQILREYRMRFRDRLGTSTSGKRKSACPSSFDARAMTKIRPSQQLQQQLRRVQHKQLTSSHRRSSTRMKSFRSDLYSRRQRASLPIIDDSLSYDLVRKQDEDPKRDMLPRSRLSSSQQFIKPSMILSDRASVIAKVATTGLSRDMPFLTEEGEQRARSTPRFDLSITQMRMAPLSPASSSSTSLATRHFYHHFPQQGHH,94,59,125,0.989406333744813,2,,/home/labs/barkailab/felixj/combinedMean/N_to_R.mat,0.225806399902839,11539626.0132118,5
61,N_to_S,N to S,MTVDHDFSSEDILFPIESMSSIQYVESSSPSSISSDVIPYSLDIKSTVLDSADLSDIQSQETSLSLGLPPLSFDSPLPVTETIPSTTDSSLHLKADSSKSRDARTIESDSEIKSTSSASGSGASQYTTLTSPYPMSDILYSMSSPLQSPSPSSVPQSPTISPPISTASSETSLSPQTSSGSETLISPRAQQHTSIKDSRLSLPSGASSSLFIDTSPSSLSEKLRSQLSSDTSSYSSSISSSSSSSTGSLSSSYFSSLSIDSMLDDYVSSDLLLSDDDDDTSLSRRRFSDVITSQFPSMTSSRSSISHSLDLWSHPKISPSSRSTSLSITTSSTSSSSASPSTTTMSASADSSIAGSPKSSDATIDSELTQILSEYSMSFSDSLGTSTSGKSKSACPSSFDASAMTKISPSQQLQQQLSRVQHKQLTSSHSSSSTSMKSFSSDLYSRRQRASLPIIDDSLSYDLVSKQDEDPKSDMLPSSSLSSSQQFIKPSMILSDSASVIAKVATTGLSSDMPFLTEEGEQSASSTPSFDLSITQMSMAPLSPASSSSTSLATSHFYHHFPQQGHH,94,59,31,0.817120369190967,2,,/home/labs/barkailab/felixj/combinedMean/N_to_S.mat,0.122311701723596,5862026.07390451,5
62,N_to_T,N to T,MTVDHDFTSEDILFPIESMSSIQYVETTTPTTITTDVIPYSLDIKTTVLDSADLTDIQTQETSLTLGLPPLSFDSPLPVTETIPSTTDTSLHLKADSTKTRDARTIETDSEIKSTTTASGSGATQYTTLTSPYPMTDILYTMTTPLQSPSPSSVPQTPTITPPITTASTETTLSPQTSTGTETLISPRAQQHTSIKDTRLSLPTGATSTLFIDTTPTTLTEKLRTQLTSDTTSYSTSISTSTSTSTGTLTSSYFTSLTIDSMLDDYVSSDLLLTDDDDDTTLSRRRFSDVITTQFPSMTTSRTSISHSLDLWTHPKITPSTRTTTLTITTTSTSSSTASPTTTTMTATADSTIAGTPKTTDATIDTELTQILTEYTMTFTDTLGTSTSGKTKSACPSSFDATAMTKITPSQQLQQQLTRVQHKQLTSSHTTSSTTMKSFTSDLYSRRQRASLPIIDDSLSYDLVTKQDEDPKTDMLPTSTLSSSQQFIKPSMILSDTASVIAKVATTGLSTDMPFLTEEGEQTATSTPTFDLSITQMTMAPLSPASSSSTSLATTHFYHHFPQQGHH,94,59,31,0.941306471804039,2,,/home/labs/barkailab/felixj/combinedMean/N_to_T.mat,0.349462274338343,1853354.07028592,5
63,N_to_Y,N to Y,MTVDHDFYSEDILFPIESMSSIQYVEYYYPYYIYYDVIPYSLDIKYTVLDSADLYDIQYQETSLYLGLPPLSFDSPLPVTETIPSTTDYSLHLKADSYKYRDARTIEYDSEIKSTYYASGSGAYQYTTLTSPYPMYDILYYMYYPLQSPSPSSVPQYPTIYPPIYTASYETYLSPQTSYGYETLISPRAQQHTSIKDYRLSLPYGAYSYLFIDTYPYYLYEKLRYQLYSDTYSYSYSISYSYSYSTGYLYSSYFYSLYIDSMLDDYVSSDLLLYDDDDDTYLSRRRFSDVITYQFPSMTYSRYSISHSLDLWYHPKIYPSYRYTYLYITTYSTSSSYASPYTTTMYAYADSYIAGYPKYYDATIDYELTQILYEYYMYFYDYLGTSTSGKYKSACPSSFDAYAMTKIYPSQQLQQQLYRVQHKQLTSSHYYSSTYMKSFYSDLYSRRQRASLPIIDDSLSYDLVYKQDEDPKYDMLPYSYLSSSQQFIKPSMILSDYASVIAKVATTGLSYDMPFLTEEGEQYAYSTPYFDLSITQMYMAPLSPASSSSTSLATYHFYHHFPQQGHH,94,59,31,0.557882313504251,2,,/home/labs/barkailab/felixj/combinedMean/N_to_Y.mat,0.303763419567836,9121861.3301876,5
64,PG_shift,PG shift,MTVDHDFNSEDILPFIESMSSIQYVENNNNPNINNDVPIYSLDIKNTVLDSADLNDIQNQETSLNLPLGLPSFDPSLVPTETPISTTDNSLHLKADSNKNRDARTIENDSEIKSTNNAGSSGANQYTTLTPSYMPNDILYNMNPNLQPSSPSSVPQPNTIPNIPNTASNETNLSQPTSGNNETLISRPAQQHTSIKDNRLSPLNAGNSNLFIDTPNNNLNEKLRNQLNSDTNSYSNSISNSNSNSTNGLNSSYFNSLNIDSMLDDYVSSDLLLNDDDDDTNLSRRRFSDVITNQPFSMTNSRNSISHSLDLWNHKPIPNSNRNTNLNITTNSTSSSNASNPTTTMNANADSNIGANKPNNDATIDNELTQILNEYNMNFNDNGLTSTSKGNKSAPCSSFDANAMTKINSPQQLQQQLNRVQHKQLTSSHNNSSTNMKSFNSDLYSRRQRASPLIIDDSLSYDLVNKQDEDKPNDMPLNSNLSSSQQFIKSPMILSDNASVIAKVATGTLSNDMFPLTEGEEQNANSTNPFDLSITQMNMPALSAPSSSSTSLATNHFYHHPFQGQHH,78,59,31,0.95225837602464,4,,/home/labs/barkailab/felixj/combinedMean/PG_shift.mat,0.842741787958098,240644.773127125,6
65,P_to_A,P to A,MTVDHDFNSEDILFAIESMSSIQYVENNNANNINNDVIAYSLDIKNTVLDSADLNDIQNQETSLNLGLAALSFDSALAVTETIASTTDNSLHLKADSNKNRDARTIENDSEIKSTNNASGSGANQYTTLTSAYAMNDILYNMNNALQSASASSVAQNATINAAINTASNETNLSAQTSNGNETLISARAQQHTSIKDNRLSLANGANSNLFIDTNANNLNEKLRNQLNSDTNSYSNSISNSNSNSTGNLNSSYFNSLNIDSMLDDYVSSDLLLNDDDDDTNLSRRRFSDVITNQFASMTNSRNSISHSLDLWNHAKINASNRNTNLNITTNSTSSSNASANTTTMNANADSNIAGNAKNNDATIDNELTQILNEYNMNFNDNLGTSTSGKNKSACASSFDANAMTKINASQQLQQQLNRVQHKQLTSSHNNSSTNMKSFNSDLYSRRQRASLAIIDDSLSYDLVNKQDEDAKNDMLANSNLSSSQQFIKASMILSDNASVIAKVATTGLSNDMAFLTEEGEQNANSTANFDLSITQMNMAALSAASSSSTSLATNHFYHHFAQQGHH,37,59,31,0.996362149529624,1,83194.0666511245,/home/labs/barkailab/felixj/combinedMean/P_to_A.mat,0.993594799899143,823469.090424081,4
66,Q_nextto_N,Q nextto N,MTVDHDFNQEDILFPIESMSSIQYVENNNQNNQNNQVIPYSLDIKNQVLDSADLNQIQNQETSLNQGLPPLSFDSPLPVTETIPSTTDNQLHLKADSNQNQDARTIENQSEIKSTNNQSGSGANQYTTLTSPYPMNQILYNQNNQLQSPSPSSVPQNQTINQPINQASNQTNQSPQTSNQNQTLISPRAQQHTSIKDNQLSLPNQANQNQFIDTNQNNQNQKLRNQLNQDTNQYSNQISNQNQNQTGNQNQSYFNQLNQDSMLDDYVSSDLLLNQDDDDTNQSRRRFSDVITNQFPSMTNQRNQISHSLDLWNQPKINQSNQNQNQNQTTNQTSSSNQSPNQTTMNQNQDSNQAGNQKNNQATIDNQLTQILNQYNQNQNQNQGTSTSGKNQSACPSSFDANQMTKINQSQQLQQQLNQVQHKQLTSSHNNQSTNQKSFNQDLYSRRQRASLPIIDDSLSYDLVNQQDEDPKNQMLPNQNQSSSQQFIKPSMILSDNQSVIAKVATTGLSNQMPFLTEEGEQNQNQTPNQDLSITQMNQAPLSPASSSSTSLATNQFYHHFPQQGHH,81,45,24,0.992484128698446,2,,/home/labs/barkailab/felixj/combinedMean/Q_nextto_N.mat,,110079.168226212,7
67,R_nextto_N,R nextto N,MTVDHDFNREDILFPIESMSSIQYVENNNRNNRNNRVIPYSLDIKNRVLDSADLNRIQNRETSLNRGLPPLSFDSPLPVTETIPSTTDNRLHLKADSNRNRDARTIENRSEIKSTNNRSGSGANRYTTLTSPYPMNRILYNRNNRLQSPSPSSVPQNRTINRPINRASNRTNRSPQTSNRNRTLISPRAQQHTSIKDNRLSLPNRANRNRFIDTNRNNRNRKLRNRLNRDTNRYSNRISNRNRNRTGNRNRSYFNRLNRDSMLDDYVSSDLLLNRDDDDTNRSRRRFSDVITNRFPSMTNRRNRISHSLDLWNRPKINRSNRNRNRNRTTNRTSSSNRSPNRTTMNRNRDSNRAGNRKNNRATIDNRLTQILNRYNRNRNRNRGTSTSGKNRSACPSSFDANRMTKINRSQQLQQQLNRVQHKQLTSSHNNRSTNRKSFNRDLYSRRQRASLPIIDDSLSYDLVNRQDEDPKNRMLPNRNRSSSQQFIKPSMILSDNRSVIAKVATTGLSNRMPFLTEEGEQNRNRTPNRDLSITQMNRAPLSPASSSSTSLATNRFYHHFPQQGHH,81,45,109,0.374369575264897,2,,/home/labs/barkailab/felixj/combinedMean/R_nextto_N.mat,,2654339.37216465,7
68,ST_deletion,ST deletion,MVDHDFNEDILFPIEMIQYVENNNPNNINNDVIPYLDIKNVLDADLNDIQNQELNLGLPPLFDPLPVEIPDNLHLKADNKNRDARIENDEIKNNAGGANQYLPYPMNDILYNMNNPLQPPVPQNPINPPINANENLPQNGNELIPRAQQHIKDNRLLPNGANNLFIDNPNNLNEKLRNQLNDNYNINNNGNLNYFNLNIDMLDDYVDLLLNDDDDDNLRRRFDVINQFPMNRNIHLDLWNHPKINPNRNNLNINNAPNMNANADNIAGNPKNNDAIDNELQILNEYNMNFNDNLGGKNKACPFDANAMKINPQQLQQQLNRVQHKQLHNNNMKFNDLYRRQRALPIIDDLYDLVNKQDEDPKNDMLPNNLQQFIKPMILDNAVIAKVAGLNDMPFLEEGEQNANPNFDLIQMNMAPLPALANHFYHHFPQQGHH,133,59,31,0.996590441277351,1,126391.652034364,/home/labs/barkailab/felixj/combinedMean/ST_deletion.mat,1.62289826738759,298362.332830343,10
69,S_clustering_10,S clustering 10,MTVDHDFNEDILFPIEMIQYVENNNPNNINNDVIPYLDIKNTVLDADLNDIQNQETLNLGLPPLSSSSSSSSSSFDPLPVTETIPTTDNLHLKADNKNRDARTIENDEIKTNNAGGANQYTTLTPYPMNDILYNMNNPLQSSSSSSSSSSPPVPQNPTINPPINTANETNLPQTNGNETLIPRAQQHTIKDNRLLPNGANSSSSSSSSSSNLFIDTNPNNLNEKLRNQLNDTNYNINNNTGNLNSSSSSSSSSSYFNLNIDMLDDYVDLLLNDDDDDTNLRRRFDVITNQFPMTNRNSSSSSSSSSSIHLDLWNHPKINPNRNTNLNITTNTNAPNTTTMNANADNIAGNPKNNDATIDNELTQILNEYNMNFNDNLGTSSSSSSSSSSTGKNKACPFDANAMTKINPQQLQQQLNRVQHKQLTHNNTNMKFNSSSSSSSSSSDLYRRQRALPIIDDLYDLVNKQDEDPKNDMLPNNLQQFIKPMILSSSSSSSSSSDNAVIAKVATTGLNDMPFLTEEGEQNANTPNFDLITQMNMAPLPASSSSSSSSTLATNHFYHHFPQQGHH,105,59,31,,1,,/home/labs/barkailab/felixj/combinedMean/S_clustering_10.mat,0.600806352755427,5816426.54689991,6
70,S_clustering_20,S clustering 20,MTVDHDFNEDILFPIEMIQYVENNNPNNINNDVIPYLDIKNTVLDADLNDIQNQETLNLGLPPLFDPLPVTETIPTTDNLHLKADNKNRDARTIENDEIKTNNAGGANQYTTLTPYPMNDILYNMNNPLQSSSSSSSSSSSSSSSSSSSSPPVPQNPTINPPINTANETNLPQTNGNETLIPRAQQHTIKDNRLLPNGANNLFIDTNPNNLNEKLRNQLNDTNYNINNNTGNLNSSSSSSSSSSSSSSSSSSSSYFNLNIDMLDDYVDLLLNDDDDDTNLRRRFDVITNQFPMTNRNIHLDLWNHPKINPNRNTNLNITTNTNAPNTTTMNANADNIAGNPKNNDATIDNELTQILNEYNMNFNDNLGTSSSSSSSSSSSSSSSSSSSSTGKNKACPFDANAMTKINPQQLQQQLNRVQHKQLTHNNTNMKFNDLYRRQRALPIIDDLYDLVNKQDEDPKNDMLPNNLQQFIKPMILSSSSSSSSSSSSSSSSSSSSDNAVIAKVATTGLNDMPFLTEEGEQNANTPNFDLITQMNMAPLPASSSSSSSSTLATNHFYHHFPQQGHH,97,59,31,,1,,/home/labs/barkailab/felixj/combinedMean/S_clustering_20.mat,0.490591356785588,3179507.87794703,6
71,S_clustering_5,S clustering 5,MTVDHDFNEDILFPIEMSSSSSIQYVENNNPNNINNDVIPYLDIKNTVLDADLNDIQNQETLNLGLPPLSSSSSFDPLPVTETIPTTDNLHLKADNKNRDARTIENDSSSSSEIKTNNAGGANQYTTLTPYPMNDILYNMNNPLQSSSSSPPVPQNPTINPPINTANETNLSSSSSPQTNGNETLIPRAQQHTIKDNRLLPNGANSSSSSNLFIDTNPNNLNEKLRNQLNDTNYNISSSSSNNNTGNLNSSSSSYFNLNIDMLDDYVSSSSSDLLLNDDDDDTNLRRRFDVITNQFPMTNRNSSSSSIHLDLWNHPKINPNRNTNLNITTNTSSSSSNAPNTTTMNANADNIAGNPKNNDATIDNELTQILNEYNMNFNDNLGTSSSSSTGKNKACPFDANAMTKINPQQLQQQLNRVQHKQLTSSSSSHNNTNMKFNSSSSSDLYRRQRALPIIDDLYDLVNKQDEDPKNDMLPNSSSSSNLQQFIKPMILSSSSSDNAVIAKVATTGLNDMPFLTEEGEQNANTPNFDLSSSSITQMNMAPLPASSSSTLATNHFYHHFPQQGHH,76,59,31,0.984471546673658,2,,/home/labs/barkailab/felixj/combinedMean/S_clustering_5.mat,0.831989160621425,1186329.5526483,6
72,S_nextto_N,S nextto N,MTVDHDFNSEDILFPIESMSSIQYVENNNSNNSNNSVIPYSLDIKNSVLDSADLNSIQNSETSLNSGLPPLSFDSPLPVTETIPSTTDNSLHLKADSNSNSDARTIENSSEIKSTNNSSGSGANSYTTLTSPYPMNSILYNSNNSLQSPSPSSVPQNSTINSPINSASNSTNSSPQTSNSNSTLISPRAQQHTSIKDNSLSLPNSANSNSFIDTNSNNSNSKLRNSLNSDTNSYSNSISNSNSNSTGNSNSSYFNSLNSDSMLDDYVSSDLLLNSDDDDTNSSRRRFSDVITNSFPSMTNSRNSISHSLDLWNSPKINSSNSNSNSNSTTNSTSSSNSSPNSTTMNSNSDSNSAGNSKNNSATIDNSLTQILNSYNSNSNSNSGTSTSGKNSSACPSSFDANSMTKINSSQQLQQQLNSVQHKQLTSSHNNSSTNSKSFNSDLYSRRQRASLPIIDDSLSYDLVNSQDEDPKNSMLPNSNSSSSQQFIKPSMILSDNSSVIAKVATTGLSNSMPFLTEEGEQNSNSTPNSDLSITQMNSAPLSPASSSSTSLATNSFYHHFPQQGHH,67,45,24,0.971906024145428,2,,/home/labs/barkailab/felixj/combinedMean/S_nextto_N.mat,0.656779729842462,489055.510699152,7
73,S_shift,S shift,MTVDHDFNESDILFPISESMISQYVENNNPNNINNDVIPYLSDIKNTVLSDADLNDIQNQETLSNLGLPPSLFDPSLPVTETISPTTDNLSHLKASDNKNRDARTIENDESISKTNNAGSSGANQYTTLSTPYPMNDILYNMNNPLSQPSSPVSPQNPTINPPINTSANETNLPSQSTNGNETLSIPRAQQHTISKDNRSLLPNGANNSLFIDTNPNNLNEKLRNQLSNDTNYSSSNINSSNNSSTGNLSNYSFSNLNIDMSLDDYSVDSLLLNDDDDDTNLRSRRSFDVITNQFSPMTSNRNISSSHLDLWNHPKINPNSRNTNLNITTSNSTNSSSAPNTTTMNANASDNIAGNPKNNDATIDNELTQILNEYNMNFNDNLGSTTGSKNSKACSPFSDANAMTKINSPQQLQQQLNRVQHKQLSTHSNSNTSNMSKFNDSLSYRRQRALSPIIDSDLYSDLVNKQDEDPKNDMLPNNSSSLQSQFIKPMSISLDNAVSIAKVATTGSLNDMPFLTEEGEQNANTSPNFDSLITQMNMAPLPSSSASTSSLATNHFYHHFPQQGHH,127,59,31,,1,,/home/labs/barkailab/felixj/combinedMean/S_shift.mat,0.560483811653256,1151560.73865329,6
74,S_to_A,S to A,MTVDHDFNAEDILFPIEAMAAIQYVENNNPNNINNDVIPYALDIKNTVLDAADLNDIQNQETALNLGLPPLAFDAPLPVTETIPATTDNALHLKADANKNRDARTIENDAEIKATNNAAGAGANQYTTLTAPYPMNDILYNMNNPLQAPAPAAVPQNPTINPPINTAANETNLAPQTANGNETLIAPRAQQHTAIKDNRLALPNGANANLFIDTNPNNLNEKLRNQLNADTNAYANAIANANANATGNLNAAYFNALNIDAMLDDYVAADLLLNDDDDDTNLARRRFADVITNQFPAMTNARNAIAHALDLWNHPKINPANRNTNLNITTNATAAANAAPNTTTMNANADANIAGNPKNNDATIDNELTQILNEYNMNFNDNLGTATAGKNKAACPAAFDANAMTKINPAQQLQQQLNRVQHKQLTAAHNNAATNMKAFNADLYARRQRAALPIIDDALAYDLVNKQDEDPKNDMLPNANLAAAQQFIKPAMILADNAAVIAKVATTGLANDMPFLTEEGEQNANATPNFDLAITQMNMAPLAPAAAAATALATNHFYHHFPQQGHH,88,59,31,0.996380779306324,2,,/home/labs/barkailab/felixj/combinedMean/S_to_A.mat,3.07056449407621,96030.8135035359,4
75,Start_3rep1,Start 3rep1,,567,0,0,0.960782309649341,2,,/home/labs/barkailab/felixj/combinedMean/Start_3rep1.mat,,904394.991086452,10
76,T_nextto_N,T nextto N,MTVDHDFNTEDILFPIESMSSIQYVENNNTNNTNNTVIPYSLDIKNTVLDSADLNTIQNTETSLNTGLPPLSFDSPLPVTETIPSTTDNTLHLKADSNTNTDARTIENTSEIKSTNNTSGSGANTYTTLTSPYPMNTILYNTNNTLQSPSPSSVPQNTTINTPINTASNTTNTSPQTSNTNTTLISPRAQQHTSIKDNTLSLPNTANTNTFIDTNTNNTNTKLRNTLNTDTNTYSNTISNTNTNTTGNTNTSYFNTLNTDSMLDDYVSSDLLLNTDDDDTNTSRRRFSDVITNTFPSMTNTRNTISHSLDLWNTPKINTSNTNTNTNTTTNTTSSSNTSPNTTTMNTNTDSNTAGNTKNNTATIDNTLTQILNTYNTNTNTNTGTSTSGKNTSACPSSFDANTMTKINTSQQLQQQLNTVQHKQLTSSHNNTSTNTKSFNTDLYSRRQRASLPIIDDSLSYDLVNTQDEDPKNTMLPNTNTSSSQQFIKPSMILSDNTSVIAKVATTGLSNTMPFLTEEGEQNTNTTPNTDLSITQMNTAPLSPASSSSTSLATNTFYHHFPQQGHH,81,45,24,0.946430530839103,3,,/home/labs/barkailab/felixj/combinedMean/T_nextto_N.mat,3.19892454867669,204468.325373685,7
77,Y_nextto_N,Y nextto N,MTVDHDFNYEDILFPIESMSSIQYVENNNYNNYNNYVIPYSLDIKNYVLDSADLNYIQNYETSLNYGLPPLSFDSPLPVTETIPSTTDNYLHLKADSNYNYDARTIENYSEIKSTNNYSGSGANYYTTLTSPYPMNYILYNYNNYLQSPSPSSVPQNYTINYPINYASNYTNYSPQTSNYNYTLISPRAQQHTSIKDNYLSLPNYANYNYFIDTNYNNYNYKLRNYLNYDTNYYSNYISNYNYNYTGNYNYSYFNYLNYDSMLDDYVSSDLLLNYDDDDTNYSRRRFSDVITNYFPSMTNYRNYISHSLDLWNYPKINYSNYNYNYNYTTNYTSSSNYSPNYTTMNYNYDSNYAGNYKNNYATIDNYLTQILNYYNYNYNYNYGTSTSGKNYSACPSSFDANYMTKINYSQQLQQQLNYVQHKQLTSSHNNYSTNYKSFNYDLYSRRQRASLPIIDDSLSYDLVNYQDEDPKNYMLPNYNYSSSQQFIKPSMILSDNYSVIAKVATTGLSNYMPFLTEEGEQNYNYTPNYDLSITQMNYAPLSPASSSSTSLATNYFYHHFPQQGHH,85,45,24,0.656627935110071,2,,/home/labs/barkailab/felixj/combinedMean/Y_nextto_N.mat,3.7520160233308,2949419.01717744,7
78,charged_random_cluster_2,charged random cluster 2,MTVHFNSILFPISMSSIQYVNNNPNNINNVIPYSLINTVLSADEDDDDDDDDDEDEDDEDDDLNIQNQTSLNLGLPPLSFSPLPVTTIPSTTNSLHDEDDDDDDDDDEDEDDEDDDLASNNATINSISTNNASGSGANQYTTLTSPYPMNILYNMNNPLQSPSPSSVPQNPTINPPINTASNTNLSPQDEEDEEDDDDEDEDEDEDETSNGNTLISPAQQHTSINLSLPNGANSNLFKKRKRKRRKKITNPNNLNLNQLNSTNSYSNSISNSNSNSTGNLNSSYFNSLNISMLYVSSLLLNTNLSFSVITNQFPSMTNSNSISHSLLWNHPINPSNNTNLNITTNSTSSSNASPNTKRKKRRKRKKKTTMNANASNIAGNPNNATINLTQILNYNMNFNNLGTSTSGNSACPSSFANAMTINPSQQLQQQLNVQHQLTSSHNNSSTNMSFNSLYSQASLPIISLSYLVNQPNMLPNSNLSSSQQFIPSMILSNASVIAVATTGLSNMPFLTGQNANSKKRKRKRRKKTPNFLSITQMNMAPLSPASSSSTSLATNHFYHHFPQQGHH,116,59,31,0.996509947574242,2,,/home/labs/barkailab/felixj/combinedMean/charged_random_cluster_2.mat,0.364383548742307,744177.679916061,3
79,msn2wt,msn2wt,MTVDHDFNSEDILFPIESMSSIQYVENNNPNNINNDVIPYSLDIKNTVLDSADLNDIQNQETSLNLGLPPLSFDSPLPVTETIPSTTDNSLHLKADSNKNRDARTIENDSEIKSTNNASGSGANQYTTLTSPYPMNDILYNMNNPLQSPSPSSVPQNPTINPPINTASNETNLSPQTSNGNETLISPRAQQHTSIKDNRLSLPNGANSNLFIDTNPNNLNEKLRNQLNSDTNSYSNSISNSNSNSTGNLNSSYFNSLNIDSMLDDYVSSDLLLNDDDDDTNLSRRRFSDVITNQFPSMTNSRNSISHSLDLWNHPKINPSNRNTNLNITTNSTSSSNASPNTTTMNANADSNIAGNPKNNDATIDNELTQILNEYNMNFNDNLGTSTSGKNKSACPSSFDANAMTKINPSQQLQQQLNRVQHKQLTSSHNNSSTNMKSFNSDLYSRRQRASLPIIDDSLSYDLVNKQDEDPKNDMLPNSNLSSSQQFIKPSMILSDNASVIAKVATTGLSNDMPFLTEEGEQNANSTPNFDLSITQMNMAPLSPASSSSTSLATNHFYHHFPQQGHH,0,59,31,0.984587952031125,5,,/home/labs/barkailab/felixj/combinedMean/msn2wt.mat,,178266.179665734,10
80,raax4,raax4,MNQSGGPNNPKGPRKQGGSSRDNEQNDGPHPKGREEDQSSNPPKNQSERNNQNQSGGPNNPKGPRKQGGSSRDNEQNDGPHPKGREEDQSSNPPKNQSERNNQNQSGGPNNPKGPRKQGGSSRDNEQNDGPHPKGREEDQSSNPPKNQSERNNQNQSGGPNNPKGPRKQGGSSRDNEQNDGPHPKGREEDQSSNPPKNQSERNNQ,458,28,32,,1,,/home/labs/barkailab/felixj/combinedMean/raax4.mat,2.29279294890236,3324168.01269262,10
81,rep0,rep0,LFSTFIAHRRTRSKMTVDHDFNSEDILFPIESMSSIQYVENNNPNNINNDVIPYSLDIKNTVLDTMNSKIGSSLRRRK,510,9,10,,1,,/home/labs/barkailab/felixj/combinedMean/rep0.mat,,967115.723540809,11
82,rep0x2,rep0x2,LFSTFIAHRRTRSKMTVDHDFNSEDILFPIESMSSIQYVENNNPNNINNDVIPYSLDIKNTVLDMTVDHDFNSEDILFPIESMSSIQYVENNNPNNINNDVIPYSLDIKNTVLDTMNSKIGSSLRRRK,484,18,11,,1,,/home/labs/barkailab/felixj/combinedMean/rep0x2.mat,0.965465447592739,896446.878695574,11
83,rep0x4,rep0x4,MTVDHDFNSEDILFPIESMSSIQYVENNNPNNINNDVIPYSLDIKNTVLDMTVDHDFNSEDILFPIESMSSIQYVENNNPNNINNDVIPYSLDIKNTVLDMTVDHDFNSEDILFPIESMSSIQYVENNNPNNINNDVIPYSLDIKNTVLDMTVDHDFNSEDILFPIESMSSIQYVENNNPNNINNDVIPYSLDIKNTVLD,429,36,4,,1,,/home/labs/barkailab/felixj/combinedMean/rep0x4.mat,0.518018075432174,1804311.88572792,11
84,rep1,rep1,LFSTFIAHRRTRSKMSADLNDIQNQETSLNLGLPPLSFDSPLPVTETIPSTTDNSLHLKADSNKNTMNSKIGSSLRRRK,497,7,11,,1,,/home/labs/barkailab/felixj/combinedMean/rep1.mat,1.54204217600841,564939.620467558,11
85,rep10x2,rep10x2,LFSTFIAHRRTRSKMIAKVATTGLSNDMPFLTEEGEQNANSTPNFDLSITQMNMAPLSPASSSSTSLATNHFYHHFPQQGHHIAKVATTGLSNDMPFLTEEGEQNANSTPNFDLSITQMNMAPLSPASSSSTSLATNHFYHHFPQQGHHTMNSKIGSSLRRRK,478,10,11,,1,,/home/labs/barkailab/felixj/combinedMean/rep10x2.mat,0.735735736368399,2913540.15055163,11
86,rep1x2,rep1x2,LFSTFIAHRRTRSKMSADLNDIQNQETSLNLGLPPLSFDSPLPVTETIPSTTDNSLHLKADSNKNSADLNDIQNQETSLNLGLPPLSFDSPLPVTETIPSTTDNSLHLKADSNKNTMNSKIGSSLRRRK,459,14,13,,1,,/home/labs/barkailab/felixj/combinedMean/rep1x2.mat,1.48948949549979,1220485.81595677,11
87,rep1x3,rep1x3,LFSTFIAHRRTRSKMSADLNDIQNQETSLNLGLPPLSFDSPLPVTETIPSTTDNSLHLKADSNKNSADLNDIQNQETSLNLGLPPLSFDSPLPVTETIPSTTDNSLHLKADSNKNSADLNDIQNQETSLNLGLPPLSFDSPLPVTETIPSTTDNSLHLKADSNKNTMNSKIGSSLRRRK,431,21,15,,1,,/home/labs/barkailab/felixj/combinedMean/rep1x3.mat,1.54504505690747,671155.043059729,11
88,rep1x4,rep1x4,MSADLNDIQNQETSLNLGLPPLSFDSPLPVTETIPSTTDNSLHLKADSNKSADLNDIQNQETSLNLGLPPLSFDSPLPVTETIPSTTDNSLHLKADSNKSADLNDIQNQETSLNLGLPPLSFDSPLPVTETIPSTTDNSLHLKADSNKSADLNDIQNQETSLNLGLPPLSFDSPLPVTETIPSTTDNSLHLKADSNK,427,28,8,,1,,/home/labs/barkailab/felixj/combinedMean/rep1x4.mat,1.5870871802467,522045.040123067,11
89,rep2,rep2,LFSTFIAHRRTRSKMRDARTIENDSEIKSTNNASGSGANQYTTLTSPYPMNDILYNMNNPLQSPSTMNSKIGSSLRRRK,494,5,12,,1,,/home/labs/barkailab/felixj/combinedMean/rep2.mat,1.72972976389353,429802.820412323,11
90,rep2x2,rep2x2,LFSTFIAHRRTRSKMRDARTIENDSEIKSTNNASGSGANQYTTLTSPYPMNDILYNMNNPLQSPSRDARTIENDSEIKSTNNASGSGANQYTTLTSPYPMNDILYNMNNPLQSPSTMNSKIGSSLRRRK,457,10,15,,1,,/home/labs/barkailab/felixj/combinedMean/rep2x2.mat,1.70270278241823,1933830.80928845,11
91,rep2x3,rep2x3,LFSTFIAHRRTRSKMRDARTIENDSEIKSTNNASGSGANQYTTLTSPYPMNDILYNMNNPLQSPSRDARTIENDSEIKSTNNASGSGANQYTTLTSPYPMNDILYNMNNPLQSPSRDARTIENDSEIKSTNNASGSGANQYTTLTSPYPMNDILYNMNNPLQSPSTMNSKIGSSLRRRK,433,15,18,,1,,/home/labs/barkailab/felixj/combinedMean/rep2x3.mat,1.25825829115673,516627.700866425,11
92,rep3x2,rep3x2,LFSTFIAHRRTRSKMPSSVPQNPTINPPINTASNETNLSPQTSNGNETLISPRAQQHTSIKDNRLPSSVPQNPTINPPINTASNETNLSPQTSNGNETLISPRAQQHTSIKDNRLTMNSKIGSSLRRRK,459,6,15,,1,,/home/labs/barkailab/felixj/combinedMean/rep3x2.mat,1.91891884489736,1202183.45200351,11
93,rep3x3,rep3x3,LFSTFIAHRRTRSKMPSSVPQNPTINPPINTASNETNLSPQTSNGNETLISPRAQQHTSIKDNRLPSSVPQNPTINPPINTASNETNLSPQTSNGNETLISPRAQQHTSIKDNRLPSSVPQNPTINPPINTASNETNLSPQTSNGNETLISPRAQQHTSIKDNRLTMNSKIGSSLRRRK,442,9,18,,1,,/home/labs/barkailab/felixj/combinedMean/rep3x3.mat,0.969970032287264,599281.184043901,11
94,rep3x4,rep3x4,MPSSVPQNPTINPPINTASNETNLSPQTSNGNETLISPRAQQHTSIKDNRLPSSVPQNPTINPPINTASNETNLSPQTSNGNETLISPRAQQHTSIKDNRLPSSVPQNPTINPPINTASNETNLSPQTSNGNETLISPRAQQHTSIKDNRLPSSVPQNPTINPPINTASNETNLSPQTSNGNETLISPRAQQHTSIKDNRL,423,12,12,,1,,/home/labs/barkailab/felixj/combinedMean/rep3x4.mat,1.84234237982762,543954.071609577,11
95,rep4,rep4,LFSTFIAHRRTRSKMSLPNGANSNLFIDTNPNNLNEKLRNQLNSDTNSYSNSISNSNSNSTGNLNTMNSKIGSSLRRRK,490,3,11,,1,,/home/labs/barkailab/felixj/combinedMean/rep4.mat,1.75375375913139,639396.857595837,11
96,rep4x2,rep4x2,LFSTFIAHRRTRSKMSLPNGANSNLFIDTNPNNLNEKLRNQLNSDTNSYSNSISNSNSNSTGNLNSLPNGANSNLFIDTNPNNLNEKLRNQLNSDTNSYSNSISNSNSNSTGNLNTMNSKIGSSLRRRK,456,6,13,,1,,/home/labs/barkailab/felixj/combinedMean/rep4x2.mat,1.51501508919474,953652.85914558,11
97,rep4x3,rep4x3,LFSTFIAHRRTRSKMSLPNGANSNLFIDTNPNNLNEKLRNQLNSDTNSYSNSISNSNSNSTGNLNSLPNGANSNLFIDTNPNNLNEKLRNQLNSDTNSYSNSISNSNSNSTGNLNSLPNGANSNLFIDTNPNNLNEKLRNQLNSDTNSYSNSISNSNSNSTGNLNTMNSKIGSSLRRRK,430,9,15,,1,,/home/labs/barkailab/felixj/combinedMean/rep4x3.mat,1.78228233906378,1256149.70152241,11
98,rep5,rep5,LFSTFIAHRRTRSKMSSYFNSLNIDSMLDDYVSSDLLLNDDDDDTNLSRRRFSDVITNQFPSMTNTMNSKIGSSLRRRK,490,10,12,,1,,/home/labs/barkailab/felixj/combinedMean/rep5.mat,0.980480484118292,936529.792366736,11
99,rep5x2,rep5x2,LFSTFIAHRRTRSKMSSYFNSLNIDSMLDDYVSSDLLLNDDDDDTNLSRRRFSDVITNQFPSMTNSSYFNSLNIDSMLDDYVSSDLLLNDDDDDTNLSRRRFSDVITNQFPSMTNTMNSKIGSSLRRRK,461,20,15,,1,,/home/labs/barkailab/felixj/combinedMean/rep5x2.mat,1.00150149311872,1273127.71444663,11
100,rep5x3,rep5x3,LFSTFIAHRRTRSKMSSYFNSLNIDSMLDDYVSSDLLLNDDDDDTNLSRRRFSDVITNQFPSMTNSSYFNSLNIDSMLDDYVSSDLLLNDDDDDTNLSRRRFSDVITNQFPSMTNSSYFNSLNIDSMLDDYVSSDLLLNDDDDDTNLSRRRFSDVITNQFPSMTNTMNSKIGSSLRRRK,437,30,18,,1,,/home/labs/barkailab/felixj/combinedMean/rep5x3.mat,1.08108115510264,896446.878695574,11
101,rep5x4,rep5x4,MSSYFNSLNIDSMLDDYVSSDLLLNDDDDDTNLSRRRFSDVITNQFPSMTNSSYFNSLNIDSMLDDYVSSDLLLNDDDDDTNLSRRRFSDVITNQFPSMTNSSYFNSLNIDSMLDDYVSSDLLLNDDDDDTNLSRRRFSDVITNQFPSMTNSSYFNSLNIDSMLDDYVSSDLLLNDDDDDTNLSRRRFSDVITNQFPSMTN,423,40,12,,1,,/home/labs/barkailab/felixj/combinedMean/rep5x4.mat,1.03303305928854,575285.30908005,11
102,rep6,rep6,LFSTFIAHRRTRSKMSRNSISHSLDLWNHPKINPSNRNTNLNITTNSTSSSNASPNTTTMNANADTMNSKIGSSLRRRK,490,2,12,,1,,/home/labs/barkailab/felixj/combinedMean/rep6.mat,1.67567569560456,804578.691193147,11
103,rep6x2,rep6x2,LFSTFIAHRRTRSKMSRNSISHSLDLWNHPKINPSNRNTNLNITTNSTSSSNASPNTTTMNANADSRNSISHSLDLWNHPKINPSNRNTNLNITTNSTSSSNASPNTTTMNANADTMNSKIGSSLRRRK,461,4,15,,1,,/home/labs/barkailab/felixj/combinedMean/rep6x2.mat,1.39489490232868,529629.327755642,11
104,rep6x3,rep6x3,LFSTFIAHRRTRSKMSRNSISHSLDLWNHPKINPSNRNTNLNITTNSTSSSNASPNTTTMNANADSRNSISHSLDLWNHPKINPSNRNTNLNITTNSTSSSNASPNTTTMNANADSRNSISHSLDLWNHPKINPSNRNTNLNITTNSTSSSNASPNTTTMNANADTMNSKIGSSLRRRK,433,6,18,,1,,/home/labs/barkailab/felixj/combinedMean/rep6x3.mat,1.50000005266918,1220485.81595677,11
105,rep7,rep7,LFSTFIAHRRTRSKMSNIAGNPKNNDATIDNELTQILNEYNMNFNDNLGTSTSGKNKSACPSSFDTMNSKIGSSLRRRK,491,6,12,,1,,/home/labs/barkailab/felixj/combinedMean/rep7.mat,,943554.4010573,11
106,rep7x2,rep7x2,LFSTFIAHRRTRSKMSNIAGNPKNNDATIDNELTQILNEYNMNFNDNLGTSTSGKNKSACPSSFDSNIAGNPKNNDATIDNELTQILNEYNMNFNDNLGTSTSGKNKSACPSSFDTMNSKIGSSLRRRK,456,12,15,,1,,/home/labs/barkailab/felixj/combinedMean/rep7x2.mat,1.99549562598221,407197.59867058,11
107,rep8,rep8,LFSTFIAHRRTRSKMANAMTKINPSQQLQQQLNRVQHKQLTSSHNNSSTNMKSFNSDLYSRRQRATMNSKIGSSLRRRK,493,1,16,,1,,/home/labs/barkailab/felixj/combinedMean/rep8.mat,,1428496.03777313,11
108,rep8x2,rep8x2,LFSTFIAHRRTRSKMANAMTKINPSQQLQQQLNRVQHKQLTSSHNNSSTNMKSFNSDLYSRRQRAANAMTKINPSQQLQQQLNRVQHKQLTSSHNNSSTNMKSFNSDLYSRRQRATMNSKIGSSLRRRK,457,2,23,,1,,/home/labs/barkailab/felixj/combinedMean/rep8x2.mat,0.842342379827618,1330984.54573359,11
109,rep8x3,rep8x3,LFSTFIAHRRTRSKMANAMTKINPSQQLQQQLNRVQHKQLTSSHNNSSTNMKSFNSDLYSRRQRAANAMTKINPSQQLQQQLNRVQHKQLTSSHNNSSTNMKSFNSDLYSRRQRAANAMTKINPSQQLQQQLNRVQHKQLTSSHNNSSTNMKSFNSDLYSRRQRATMNSKIGSSLRRRK,440,3,30,,1,,/home/labs/barkailab/felixj/combinedMean/rep8x3.mat,0.836336302014375,1933830.80928845,11
110,rep8x4,rep8x4,MANAMTKINPSQQLQQQLNRVQHKQLTSSHNNSSTNMKSFNSDLYSRRQRAANAMTKINPSQQLQQQLNRVQHKQLTSSHNNSSTNMKSFNSDLYSRRQRAANAMTKINPSQQLQQQLNRVQHKQLTSSHNNSSTNMKSFNSDLYSRRQRAANAMTKINPSQQLQQQLNRVQHKQLTSSHNNSSTNMKSFNSDLYSRRQRA,430,4,28,,1,,/home/labs/barkailab/felixj/combinedMean/rep8x4.mat,,934337.555379849,11
111,rep9,rep9,LFSTFIAHRRTRSKMSLPIIDDSLSYDLVNKQDEDPKNDMLPNSNLSSSQQFIKPSMILSDNASVTMNSKIGSSLRRRK,494,8,12,,1,,/home/labs/barkailab/felixj/combinedMean/rep9.mat,,812153.984604105,11
112,rep9x2,rep9x2,LFSTFIAHRRTRSKMSLPIIDDSLSYDLVNKQDEDPKNDMLPNSNLSSSQQFIKPSMILSDNASVSLPIIDDSLSYDLVNKQDEDPKNDMLPNSNLSSSQQFIKPSMILSDNASVTMNSKIGSSLRRRK,459,16,15,,1,,/home/labs/barkailab/felixj/combinedMean/rep9x2.mat,1.15465463393495,743157.025295176,11
113,rep9x3,rep9x3,LFSTFIAHRRTRSKMSLPIIDDSLSYDLVNKQDEDPKNDMLPNSNLSSSQQFIKPSMILSDNASVSLPIIDDSLSYDLVNKQDEDPKNDMLPNSNLSSSQQFIKPSMILSDNASVSLPIIDDSLSYDLVNKQDEDPKNDMLPNSNLSSSQQFIKPSMILSDNASVTMNSKIGSSLRRRK,433,24,18,,1,,/home/labs/barkailab/felixj/combinedMean/rep9x3.mat,1.15765772551075,1202183.45200351,11
